phase,audit_round,audit_date,crawl_run_id,university_id,university_name,macro_area,institution_type,university_city,university_homepage_url,programmes_hub_url,sample_course_id,course_name,course_class,department,course_page_url,course_page_final_url,course_platform_type,js_heavy_flag,journey_start_url,journey_target_url,journey_success,journey_click_depth,journey_time_seconds,journey_path_type,journey_notes,breadcrumb_present,breadcrumb_depth_proxy,menu_clarity_score,onsite_search_present,orientation_description,orientation_requirements,orientation_deadlines,orientation_fees,orientation_contacts,orientation_multilingual,orientation_study_plan,orientation_careers,orientation_score_raw,orientation_score_norm,title_text,title_quality_score,meta_description_present,meta_description_quality_score,canonical_present,structured_data_course,structured_data_breadcrumb,indexability_status,google_query_exact,google_rank_exact,google_query_generic,google_rank_generic,official_result_present,third_party_above_official,ai_search_note,serp_known_institution_found_top10,serp_user_like_found_top10,serp_info_seeking_found_top10,serp_any_core_query_found_top10,serp_all_core_queries_found_top10,serp_best_rank_organic,serp_median_rank_found,serp_missing_all_core_queries,serp_crawl_run_id,lang_declared,skip_link_present,accessibility_statement_present,h1_present,heading_structure_score,missing_alt_count,empty_link_count,form_label_issue_count,wave_error_count,wave_contrast_error_count,wave_collection_mode,wave_metric_comparability,wave_crawl_run_id,lighthouse_performance,lighthouse_accessibility,lighthouse_best_practices,lighthouse_seo,lighthouse_strategy,lhci_run_id,course_title_present,course_title_location_type,course_title_local_findability,degree_level_present,degree_level_location_type,degree_level_local_findability,degree_class_present,degree_class_location_type,degree_class_local_findability,cfu_present,cfu_location_type,cfu_local_findability,duration_present,duration_location_type,duration_local_findability,academic_year_present,academic_year_location_type,academic_year_local_findability,location_present,location_location_type,location_local_findability,language_present,language_location_type,language_local_findability,study_plan_present,study_plan_location_type,study_plan_local_findability,admission_requirements_present,admission_requirements_location_type,admission_requirements_local_findability,admission_procedure_present,admission_procedure_location_type,admission_procedure_local_findability,deadlines_present,deadlines_location_type,deadlines_local_findability,fees_or_costs_present,fees_or_costs_location_type,fees_or_costs_local_findability,career_outcomes_present,career_outcomes_location_type,career_outcomes_local_findability,contacts_present,contacts_location_type,contacts_local_findability,official_regulation_present,official_regulation_location_type,official_regulation_local_findability,quality_or_satisfaction_present,quality_or_satisfaction_location_type,quality_or_satisfaction_local_findability,accessibility_services_present,accessibility_services_location_type,accessibility_services_local_findability,overall_extraction_confidence,structural_essential_info_complete,structural_essential_completeness_rate,structural_study_plan_present,structural_study_plan_direct,structural_study_plan_pdf_only,structural_admission_info_present,structural_contacts_present,structural_fragmented_information,structural_external_portal_dependency,journey_run_id,wave_crawl_run_id_prov,serp_crawl_run_id_prov,structural_extraction_run_id,source_document_id,canonical_course_url,evidence_path,overall_notes,review_status,provenance_notes,journey_blocked,journey_high_friction,weak_external_findability,accessibility_risk,technical_risk,information_fragmentation,critical_student_pathway,multi_phase_critical_case
definitive,sample_v1,2026-05-07,,UNI01,Università degli Studi di Bologna,Nord,statale,Bologna,https://www.unibo.it/,https://www.unibo.it/it/studiare,C001,Scienze della comunicazione,L-20,,https://corsi.unibo.it/laurea/ScienzeComunicazione,https://corsi.unibo.it/laurea/ScienzeComunicazione,unibo_course_portal,0,https://www.unibo.it/,https://corsi.unibo.it/laurea/ScienzeComunicazione,1,3,35,mixed,manual journey collected 2026-04-07 via homepage search > filtered results > ateneo card > CTA to course site,0,,3,1,1,1,1,1,1,1,1,1,8,1.0,Scienze della comunicazione - Laurea - Bologna,4,1,2,1,0,0,indexable,"""Scienze della comunicazione"" ""Università degli Studi di Bologna""",not_observed,Scienze della comunicazione Unibo,1,1,0,,0,1,1,1,0,1,1.0,0,CR035,1,1,1,1,3,0,1,0,1,0,api_primary,standard,WVRUN_001,0.36,0.97,1,1,mobile,CR034,present,ambiguous,ambiguous,present,heading_or_summary,ambiguous,present,ambiguous,ambiguous,not_observed,not_observed,not_applicable,not_observed,not_observed,not_applicable,present,heading_or_summary,ambiguous,present,heading_or_summary,ambiguous,present,heading_or_summary,ambiguous,present,heading_or_summary,ambiguous,not_observed,not_observed,not_applicable,present,heading_or_summary,ambiguous,present,heading_or_summary,ambiguous,present,heading_or_summary,ambiguous,present,heading_or_summary,ambiguous,present,linked_official_page,ambiguous,not_observed,not_observed,not_applicable,not_observed,not_observed,not_applicable,not_observed,not_observed,not_applicable,not_observed,0,0.8571,1,1,0,1,1,0,0,JR0001,WVRUN_001,CR035,STRUN_001,SD0003,https://corsi.unibo.it/laurea/ScienzeComunicazione,artifacts/journeys/J001_C001_scienze-della-comunicazione/source/SD0003.html,,validated,,0,1,0,0,1,0,0,0
definitive,sample_v1,2026-05-07,,UNI01,Università degli Studi di Bologna,Nord,statale,Bologna,https://www.unibo.it/,https://www.unibo.it/it/studiare,C002,Semiotica,LM-92,,https://www.unibo.it/it/studiare/lauree-magistrali/corso/2025/6824,https://www.unibo.it/it/studiare/lauree-magistrali/corso/2025/6824,unibo_ateneo_course_card,0,https://www.unibo.it/,https://www.unibo.it/it/studiare/lauree-magistrali/corso/2025/6824,0,blocked,blocked,failed,manual journey collected 2026-04-20 via JR0004; hub browse reaches Cineca Angular listing but Semiotica magistrale not findable without JS; target URL confirmed live (SD0004) but not reachable via internal navigation; run_outcome=blocked_js,0,,3,blocked,1,1,1,1,1,1,1,1,8,1.0,Semiotica — Università di Bologna,3,0,0,1,0,0,indexable,"""Semiotica"" ""Università degli Studi di Bologna""",not_observed,Semiotica Unibo,1,1,0,,0,1,1,1,0,1,1.0,0,CR036,1,0,1,1,3,0,0,0,0,0,api_primary,standard,WVRUN_pilot4,0.48,1,1,0.92,mobile,CR034,present,ambiguous,ambiguous,present,heading_or_summary,ambiguous,present,heading_or_summary,ambiguous,not_observed,not_observed,not_applicable,not_observed,not_observed,not_applicable,present,heading_or_summary,ambiguous,present,heading_or_summary,ambiguous,present,heading_or_summary,ambiguous,present,heading_or_summary,ambiguous,not_observed,not_observed,not_applicable,present,heading_or_summary,ambiguous,present,heading_or_summary,ambiguous,present,linked_official_page,ambiguous,present,heading_or_summary,ambiguous,present,heading_or_summary,ambiguous,present,linked_official_page,ambiguous,present,linked_official_page,ambiguous,present,ambiguous,ambiguous,not_observed,0,0.8571,1,1,0,1,1,0,0,JR0004,WVRUN_pilot4,CR036,STRUN_001,SD0004,https://www.unibo.it/it/studiare/lauree-magistrali/corso/2025/6824,artifacts/journeys/J002_C002_semiotica/source/SD0004.html,,checked,,1,0,0,0,1,0,0,0
definitive,sample_v1,2026-05-07,,UNI02,Università degli Studi di Padova,Nord,statale,Padova,https://www.unipd.it/,https://www.unipd.it/corsi-di-laurea,C003,Comunicazione,L-20,,https://www.unipd.it/corsi-di-laurea/comunicazione,https://www.unipd.it/corsi-di-laurea/comunicazione,unipd_nextjs,0,https://www.unipd.it/,https://www.unipd.it/corsi-di-laurea/comunicazione,0,blocked,blocked,failed,manual journey collected 2026-04-20 via JR0005; Unipd platform migrated to Next.js/React (confirmed post CR001); hub /offerta-didattica dead (308->homepage); new hub /corsi-di-laurea JS-only shell; new target confirmed live (SD0089); run_outcome=blocked_js,1,,2,blocked,1,1,0,1,1,0,0,0,4,0.5,COMUNICAZIONE | Università di Padova,3,1,1,0,0,0,indexable,"""Comunicazione"" ""Università degli Studi di Padova""",1,Comunicazione Unipd,1,1,0,,1,1,1,1,1,1,1.0,0,CR036,1,0,1,1,1,0,0,1,1,1,api_primary,standard,WVRUN_001,0.32,0.96,0.71,0.66,mobile,CR034,present,ambiguous,ambiguous,present,heading_or_summary,ambiguous,not_observed,not_observed,not_applicable,present,heading_or_summary,ambiguous,present,heading_or_summary,ambiguous,not_observed,not_observed,not_applicable,present,heading_or_summary,ambiguous,not_observed,not_observed,not_applicable,not_observed,not_observed,not_applicable,not_observed,not_observed,not_applicable,present,heading_or_summary,ambiguous,not_observed,not_observed,not_applicable,present,heading_or_summary,ambiguous,not_observed,not_observed,not_applicable,present,heading_or_summary,ambiguous,not_observed,not_observed,not_applicable,present,linked_official_page,ambiguous,present,ambiguous,ambiguous,not_observed,0,0.5714,0,0,0,1,1,0,0,JR0005,WVRUN_001,CR036,STRUN_001,SD0089,https://www.unipd.it/corsi-di-laurea/comunicazione,artifacts/journeys/J003_C003_comunicazione/source/SD0007.html,,checked,,1,0,0,0,1,0,0,0
definitive,sample_v1,2026-05-07,,UNI02,Università degli Studi di Padova,Nord,statale,Padova,https://www.unipd.it/,https://www.unipd.it/corsi-di-laurea,C004,Strategie di comunicazione,LM-92,,https://www.unipd.it/corsi-di-laurea/strategie-di-comunicazione,https://www.unipd.it/corsi-di-laurea/strategie-di-comunicazione,unipd_nextjs,0,https://www.unipd.it/,https://www.unipd.it/corsi-di-laurea/strategie-di-comunicazione,0,blocked,blocked,failed,manual journey collected 2026-04-20 via JR0006; same Unipd Next.js platform as J003; hub updated from dead /offerta-didattica to /corsi-di-laurea; target URL resolved 2026-04-21 as /corsi-di-laurea/strategie-di-comunicazione (SD0090); run_outcome=blocked_js,1,,2,blocked,1,1,0,1,1,0,0,0,4,0.5,STRATEGIE DI COMUNICAZIONE | Università di Padova,3,1,1,0,0,0,indexable,"""Strategie di comunicazione"" ""Università degli Studi di Padova""",1,Strategie di comunicazione Unipd,1,1,0,,1,1,1,1,1,1,1.0,0,CR036,1,0,1,1,1,0,0,1,1,1,api_primary,standard,WVRUN_001,0.36,0.96,0.71,0.66,mobile,CR034,present,ambiguous,ambiguous,present,heading_or_summary,ambiguous,not_observed,not_observed,not_applicable,present,heading_or_summary,ambiguous,present,heading_or_summary,ambiguous,not_observed,not_observed,not_applicable,present,heading_or_summary,ambiguous,not_observed,not_observed,not_applicable,not_observed,not_observed,not_applicable,not_observed,not_observed,not_applicable,present,heading_or_summary,ambiguous,not_observed,not_observed,not_applicable,present,heading_or_summary,ambiguous,not_observed,not_observed,not_applicable,present,heading_or_summary,ambiguous,not_observed,not_observed,not_applicable,present,linked_official_page,ambiguous,present,ambiguous,ambiguous,not_observed,0,0.5714,0,0,0,1,1,0,0,JR0006,WVRUN_001,CR036,STRUN_001,SD0090,https://www.unipd.it/corsi-di-laurea/strategie-di-comunicazione,artifacts/journeys/J004_C004_strategie-di-comunicazione/source/SD0008.html,,checked,,1,0,0,0,1,0,0,0
definitive,sample_v1,2026-05-07,,UNI03,Università degli Studi di Pisa,Centro,statale,Pisa,https://www.unipi.it/,https://www.unipi.it/didattica,C005,Discipline dello spettacolo e della comunicazione,L-3/L-20,,https://www.unipi.it/didattica/corsi/lauree-triennali-ciclo-unico/discipline-dello-spettacolo-e-della-comunicazione-dscr-l,https://www.unipi.it/didattica/corsi/lauree-triennali-ciclo-unico/discipline-dello-spettacolo-e-della-comunicazione-dscr-l/,unipi_course_site,0,https://www.unipi.it/,https://www.unipi.it/didattica/corsi/lauree-triennali-ciclo-unico/discipline-dello-spettacolo-e-della-comunicazione-dscr-l,1,1,20,onsite_search,manual journey collected 2026-04-07 via homepage search result; target resolves to canonical trailing-slash URL,1,,3,1,1,1,1,1,1,1,1,1,8,1.0,Discipline dello spettacolo e della comunicazione ~ UNIPI,2,0,0,1,0,0,indexable,"""Discipline dello spettacolo e della comunicazione"" ""Università degli Studi di Pisa""",not_observed,Discipline dello spettacolo e della comunicazione UniPi,1,1,0,,0,1,1,1,0,1,1.0,0,CR036,1,1,1,1,1,21,6,0,29,0,api_primary,standard,WVRUN_001,0.69,0.91,1,0.85,mobile,CR034,present,ambiguous,ambiguous,present,heading_or_summary,ambiguous,present,heading_or_summary,ambiguous,present,heading_or_summary,ambiguous,present,heading_or_summary,ambiguous,present,heading_or_summary,ambiguous,present,heading_or_summary,ambiguous,present,heading_or_summary,ambiguous,present,heading_or_summary,ambiguous,present,heading_or_summary,ambiguous,present,heading_or_summary,ambiguous,present,heading_or_summary,ambiguous,present,linked_official_page,ambiguous,present,heading_or_summary,ambiguous,present,heading_or_summary,ambiguous,present,linked_pdf,ambiguous,not_observed,not_observed,not_applicable,present,linked_official_page,ambiguous,not_observed,1,1.0,1,1,0,1,1,0,0,JR0002,WVRUN_001,CR036,STRUN_001,SD0011,https://www.unipi.it/didattica/corsi/lauree-triennali-ciclo-unico/discipline-dello-spettacolo-e-della-comunicazione-dscr-l/,artifacts/journeys/J005_C005_discipline-dello-spettacolo-e-della-comunicazione/source/SD0011.html,,validated,,0,1,0,1,0,0,0,0
definitive,sample_v1,2026-05-07,,UNI03,Università degli Studi di Pisa,Centro,statale,Pisa,https://www.unipi.it/,https://www.unipi.it/didattica,C006,"Comunicazione, Media, Tecnologie",LM-92,,https://www.unipi.it/didattica/corsi/lauree-magistrali/comunicazione-media-tecnologie-wcm-lm/,https://www.unipi.it/didattica/corsi/lauree-magistrali/comunicazione-media-tecnologie-wcm-lm/,unipi_course_site,0,https://www.unipi.it/,https://www.unipi.it/didattica/corsi/lauree-magistrali/comunicazione-media-tecnologie-wcm-lm/,1,1,21,onsite_search,manual journey collected 2026-04-07 via homepage search result; target canonico aggiornato da storico path /lauree-triennali-ciclo-unico/,1,,3,1,1,1,0,1,1,1,1,1,7,0.875,"Comunicazione, media, tecnologie ~ UNIPI",2,0,0,1,0,0,indexable,"""Comunicazione, Media, Tecnologie"" ""Università degli Studi di Pisa""",not_observed,"Comunicazione, Media, Tecnologie UniPi",1,1,0,,0,1,1,1,0,1,1.0,0,CR036,1,1,1,1,1,21,6,0,29,0,api_primary,standard,WVRUN_001,0.68,0.9,1,0.85,mobile,CR034,present,ambiguous,ambiguous,present,heading_or_summary,ambiguous,present,heading_or_summary,ambiguous,present,heading_or_summary,ambiguous,present,heading_or_summary,ambiguous,present,heading_or_summary,ambiguous,present,heading_or_summary,ambiguous,present,heading_or_summary,ambiguous,present,heading_or_summary,ambiguous,present,heading_or_summary,ambiguous,not_observed,not_observed,not_applicable,not_observed,not_observed,not_applicable,present,linked_official_page,ambiguous,present,heading_or_summary,ambiguous,present,heading_or_summary,ambiguous,present,linked_pdf,ambiguous,not_observed,not_observed,not_applicable,present,linked_official_page,ambiguous,not_observed,0,0.7143,1,1,0,1,1,0,0,JR0003,WVRUN_001,CR036,STRUN_001,SD0012,https://www.unipi.it/didattica/corsi/lauree-magistrali/comunicazione-media-tecnologie-wcm-lm/,artifacts/journeys/J006_C006_comunicazione-media-tecnologie/source/SD0012.html,,validated,,0,1,0,1,0,0,0,0
definitive,sample_v1,2026-05-07,,UNI04,Università degli Studi di Firenze,Centro,statale,Firenze,https://www.unifi.it/,https://www.unifi.it/it/studia-con-noi/corsi-di-laurea,C007,Scienze Umanistiche per la Comunicazione,L-20,,https://www.unifi.it/it/node/6520,https://www.unifi.it/it/node/6520,unifi_course_site,0,https://www.unifi.it/,https://www.unifi.it/it/node/6520,1,3,34,onsite_search,manual journey collected 2026-04-21 via homepage > Corsi di laurea > triennali listing search; filtered official result uses alias /it/studia-con-noi/corsi-di-laurea/corsi-di-laurea-triennali-e-a-ciclo-unico/scienze-umanistiche-la while the historical seed /it/node/6520 remains live,1,,2,1,1,1,1,1,1,1,1,1,8,1.0,Scienze Umanistiche per la Comunicazione | Università di Firenze,3,0,0,1,0,0,indexable,"""Scienze Umanistiche per la Comunicazione"" ""Università degli Studi di Firenze""",1,Scienze Umanistiche per la Comunicazione UniFi,1,1,0,,1,1,1,1,1,1,1.0,0,CR037,1,1,1,1,1,0,0,1,0,0,api_primary,standard,WVRUN_001,0.75,1,1,0.92,mobile,CR034,present,ambiguous,ambiguous,present,heading_or_summary,ambiguous,not_observed,not_observed,not_applicable,not_observed,not_observed,not_applicable,not_observed,not_observed,not_applicable,not_observed,not_observed,not_applicable,not_observed,not_observed,not_applicable,not_observed,not_observed,not_applicable,present,heading_or_summary,ambiguous,not_observed,not_observed,not_applicable,present,heading_or_summary,ambiguous,present,heading_or_summary,ambiguous,present,heading_or_summary,ambiguous,present,heading_or_summary,ambiguous,present,heading_or_summary,ambiguous,present,heading_or_summary,ambiguous,not_observed,not_observed,not_applicable,present,linked_official_page,ambiguous,not_observed,0,0.8571,1,1,0,1,1,0,0,JR0007,WVRUN_001,CR037,STRUN_001,SD0015,https://www.unifi.it/it/node/6520,artifacts/journeys/J007_C007_scienze-umanistiche-per-la-comunicazione/source/SD0015.html,,validated,,0,1,0,0,0,0,0,0
definitive,sample_v1,2026-05-07,,UNI04,Università degli Studi di Firenze,Centro,statale,Firenze,https://www.unifi.it/,https://www.unifi.it/it/studia-con-noi/corsi-di-laurea,C008,"Pratiche, linguaggi e culture della comunicazione",LM-92,,https://www.unifi.it/it/studia-con-noi/corsi-di-laurea/corsi-di-laurea-magistrali/pratiche-linguaggi-e-culture-della,https://www.unifi.it/it/studia-con-noi/corsi-di-laurea/corsi-di-laurea-magistrali/pratiche-linguaggi-e-culture-della,unifi_course_site,0,https://www.unifi.it/,https://www.unifi.it/it/studia-con-noi/corsi-di-laurea/corsi-di-laurea-magistrali/pratiche-linguaggi-e-culture-della,1,3,34,onsite_search,manual journey collected 2026-04-21 via homepage > Corsi di laurea > magistrali listing search; filtered listing returned the official ateneo course card directly,1,,2,1,1,1,1,1,1,1,1,1,8,1.0,"[B385] PRATICHE, LINGUAGGI E CULTURE DELLA COMUNICAZIONE | Università di Firenze",3,0,0,1,0,0,indexable,"""Pratiche, linguaggi e culture della comunicazione"" ""Università degli Studi di Firenze""",1,"Pratiche, linguaggi e culture della comunicazione UniFi",1,1,0,,1,1,1,1,1,1,1.0,0,CR037,1,1,1,1,2,0,0,0,1,0,api_primary,standard,WVRUN_001,0.69,1,1,0.92,mobile,CR034,present,ambiguous,ambiguous,present,heading_or_summary,ambiguous,present,heading_or_summary,ambiguous,present,heading_or_summary,ambiguous,present,heading_or_summary,ambiguous,present,heading_or_summary,ambiguous,present,heading_or_summary,ambiguous,present,heading_or_summary,ambiguous,present,heading_or_summary,ambiguous,present,linked_official_page,ambiguous,present,heading_or_summary,ambiguous,present,heading_or_summary,ambiguous,present,heading_or_summary,ambiguous,present,heading_or_summary,ambiguous,present,heading_or_summary,ambiguous,present,heading_or_summary,ambiguous,not_observed,not_observed,not_applicable,present,linked_official_page,ambiguous,not_observed,1,1.0,1,1,0,1,1,0,0,JR0008,WVRUN_001,CR037,STRUN_001,SD0016,https://www.unifi.it/it/studia-con-noi/corsi-di-laurea/corsi-di-laurea-magistrali/pratiche-linguaggi-e-culture-della,artifacts/journeys/J008_C008_pratiche-linguaggi-e-culture-della-comunicazione/source/SD0016.html,,validated,,0,1,0,0,0,0,0,0
definitive,sample_v1,2026-05-07,,UNI05,Università degli Studi di Siena,Centro,statale,Siena,https://www.unisi.it/,https://www.unisi.it/didattica,C009,Scienze della comunicazione,L-20,,https://scienze-comunicazione.unisi.it/it,https://scienze-comunicazione.unisi.it/it,unisi_course_site,0,https://www.unisi.it/,https://scienze-comunicazione.unisi.it/it,1,4,36,cta,manual journey collected 2026-04-21 via homepage > Didattica > Corsi di studio 2025-2026 > U-GOV course sheet > dedicated course site CTA,0,,1,0,1,1,0,0,1,1,1,1,6,0.75,SCIENZE DELLA COMUNICAZIONE |,2,0,0,1,0,0,indexable,"""Scienze della comunicazione"" ""Università degli Studi di Siena""",1,Scienze della comunicazione UniSi,1,1,0,,1,1,1,1,1,1,1.0,0,CR037,1,1,0,1,2,0,0,not_applicable,0,0,api_primary,standard,WVRUN_001,0.57,0.93,0.96,0.92,mobile,CR034,present,ambiguous,ambiguous,present,heading_or_summary,ambiguous,present,heading_or_summary,ambiguous,present,heading_or_summary,ambiguous,present,heading_or_summary,ambiguous,not_observed,not_observed,not_applicable,present,linked_official_page,ambiguous,not_observed,not_observed,not_applicable,present,linked_official_page,ambiguous,present,linked_official_page,ambiguous,not_observed,not_observed,not_applicable,not_observed,not_observed,not_applicable,not_observed,not_observed,not_applicable,present,linked_official_page,ambiguous,present,linked_official_page,ambiguous,present,linked_official_page,ambiguous,not_observed,not_observed,not_applicable,not_observed,not_observed,not_applicable,not_observed,0,0.7143,1,0,0,1,1,0,0,JR0009,WVRUN_001,CR037,STRUN_001,SD0019,https://scienze-comunicazione.unisi.it/it,artifacts/journeys/J009_C009_scienze-della-comunicazione/source/SD0019.html,,validated,,0,1,0,0,0,0,0,0
definitive,sample_v1,2026-05-07,,UNI05,Università degli Studi di Siena,Centro,statale,Siena,https://www.unisi.it/,https://www.unisi.it/didattica,C010,Strategie e tecniche della comunicazione,LM-92,,https://www.unisi.it/ugov/degree/82714,https://www.unisi.it/ugov/degree/82714,unisi_ugov_course_sheet,0,https://www.unisi.it/,https://www.unisi.it/ugov/degree/82714,1,3,30,programmes_hub,manual journey collected 2026-04-21 via homepage > Didattica > Corsi di studio 2025-2026 > current U-GOV course sheet; target normalized same day from historical D003 /ugov/degree/22463 to active D615 /ugov/degree/82714 surfaced by annual listing,0,,1,0,1,1,0,1,1,1,1,1,7,0.875,[D615] STRATEGIE E TECNICHE DELLA COMUNICAZIONE | Università degli Studi di Siena,3,0,0,0,0,0,indexable,"""Strategie e tecniche della comunicazione"" ""Università degli Studi di Siena""",1,Strategie e tecniche della comunicazione UniSi,1,1,0,,1,1,1,1,1,1,1.0,0,CR037,1,1,1,1,1,0,0,0,1,0,api_primary,standard,WVRUN_001,0.54,0.91,1,0.83,mobile,CR034,present,ambiguous,ambiguous,present,heading_or_summary,ambiguous,present,ambiguous,ambiguous,present,heading_or_summary,ambiguous,present,heading_or_summary,ambiguous,present,heading_or_summary,ambiguous,present,heading_or_summary,ambiguous,present,heading_or_summary,ambiguous,present,linked_official_page,ambiguous,present,heading_or_summary,ambiguous,present,heading_or_summary,ambiguous,not_observed,not_observed,not_applicable,present,heading_or_summary,ambiguous,present,linked_official_page,ambiguous,present,heading_or_summary,ambiguous,present,ambiguous,ambiguous,not_observed,not_observed,not_applicable,present,linked_official_page,ambiguous,not_observed,0,0.8571,1,0,0,1,1,0,0,JR0010,WVRUN_001,CR037,STRUN_001,SD0091,https://www.unisi.it/ugov/degree/82714,artifacts/journeys/J010_C010_strategie-e-tecniche-della-comunicazione/source/SD0020.html,,validated,,0,0,0,0,0,0,0,0
definitive,sample_v1,2026-05-07,,UNI06,Università degli Studi di Torino,Nord,statale,Torino,https://www.unito.it/,https://www.unito.it/didattica,C011,Scienze della comunicazione,L-20,,https://www.unito.it/didattica/offerta-formativa/corsi-di-studio/scienze-della-comunicazione,https://www.unito.it/didattica/offerta-formativa/corsi-di-studio/scienze-della-comunicazione,unito_course_card,0,https://www.unito.it/,https://www.unito.it/didattica/offerta-formativa/corsi-di-studio/scienze-della-comunicazione,1,4,40,onsite_search,manual journey collected 2026-04-21 via homepage > Didattica > Offerta formativa > Corsi di studio > internal autocomplete search; autocomplete returned the official course card directly,1,,1,1,1,1,1,1,1,0,1,1,7,0.875,[2705L31] SCIENZE DELLA COMUNICAZIONE | Università di Torino,3,0,0,1,0,0,indexable,"""Scienze della comunicazione"" ""Università degli Studi di Torino""",1,Scienze della comunicazione UniTo,2,1,0,,1,1,1,1,1,1,2.0,0,CR037,1,1,1,1,3,0,0,0,1,25,api_primary,standard,WVRUN_001,0.8,0.93,0.96,0.92,mobile,CR034,present,ambiguous,ambiguous,present,heading_or_summary,ambiguous,present,heading_or_summary,ambiguous,present,heading_or_summary,ambiguous,present,heading_or_summary,ambiguous,present,inline_html,ambiguous,present,heading_or_summary,ambiguous,present,heading_or_summary,ambiguous,present,heading_or_summary,ambiguous,present,heading_or_summary,ambiguous,present,inline_html,ambiguous,present,linked_official_page,ambiguous,present,linked_official_page,ambiguous,present,linked_official_page,ambiguous,present,heading_or_summary,ambiguous,not_observed,not_observed,not_applicable,not_observed,not_observed,not_applicable,present,linked_official_page,ambiguous,not_observed,1,1.0,1,1,0,1,1,0,0,JR0011,WVRUN_001,CR037,STRUN_001,SD0024,https://www.unito.it/didattica/offerta-formativa/corsi-di-studio/scienze-della-comunicazione,artifacts/journeys/J011_C011_scienze-della-comunicazione/source/SD0024.html,,validated,,0,1,0,1,0,0,0,0
definitive,sample_v1,2026-05-07,,UNI06,Università degli Studi di Torino,Nord,statale,Torino,https://www.unito.it/,https://www.unito.it/didattica,C012,Comunicazione e culture dei media,LM-92,,https://www.unito.it/didattica/offerta-formativa/corsi-di-studio/comunicazione-e-culture-dei-media,https://www.unito.it/didattica/offerta-formativa/corsi-di-studio/comunicazione-e-culture-dei-media,unito_course_card,0,https://www.unito.it/,https://www.unito.it/didattica/offerta-formativa/corsi-di-studio/comunicazione-e-culture-dei-media,1,4,42,onsite_search,manual journey collected 2026-04-21 via homepage > Didattica > Offerta formativa > Corsi di studio > internal autocomplete search; autocomplete returned the official magistrale course card directly,1,,1,1,1,1,0,1,1,1,1,1,7,0.875,[0507M21] COMUNICAZIONE E CULTURE DEI MEDIA | Università di Torino,3,0,0,1,0,0,indexable,"""Comunicazione e culture dei media"" ""Università degli Studi di Torino""",1,Comunicazione e culture dei media UniTo,1,1,0,,1,1,1,1,1,1,1.0,0,CR035,1,1,1,1,3,0,0,0,1,25,api_primary,standard,WVRUN_001,0.82,0.93,0.96,0.92,mobile,CR034,present,ambiguous,ambiguous,present,heading_or_summary,ambiguous,present,heading_or_summary,ambiguous,present,heading_or_summary,ambiguous,present,heading_or_summary,ambiguous,not_observed,not_observed,not_applicable,present,heading_or_summary,ambiguous,present,heading_or_summary,ambiguous,present,heading_or_summary,ambiguous,present,heading_or_summary,ambiguous,present,inline_html,ambiguous,not_observed,not_observed,not_applicable,present,linked_official_page,ambiguous,present,linked_official_page,ambiguous,present,heading_or_summary,ambiguous,not_observed,not_observed,not_applicable,not_observed,not_observed,not_applicable,present,linked_official_page,ambiguous,not_observed,0,0.8571,1,1,0,1,1,0,0,JR0012,WVRUN_001,CR035,STRUN_001,SD0025,https://www.unito.it/didattica/offerta-formativa/corsi-di-studio/comunicazione-e-culture-dei-media,artifacts/journeys/J012_C012_comunicazione-e-culture-dei-media/source/SD0025.html,,validated,,0,1,0,1,0,0,0,0
definitive,sample_v1,2026-05-07,,UNI07,Università degli Studi di Genova,Nord,statale,Genova-Savona,https://unige.it/,https://corsi.unige.it/,C013,"Media, comunicazione e società",L-20,,https://corsi.unige.it/corsi/11938,https://corsi.unige.it/corsi/11938,unige_course_portal,0,https://unige.it/,https://corsi.unige.it/corsi/11938,1,2,30,programmes_hub,manual journey collected 2026-04-22 via homepage 'Futuri Studenti' card 'Lauree triennali' > triennale listing > course card; 11938 is 2025/26 code (prev 11417 same course); 2 clicks from homepage,1,,2,0,1,1,1,1,1,1,1,1,8,1.0,"CORSO DI LAUREA TRIENNALE (D.M. 1648/2023) in  MEDIA, COMUNICAZIONE E SOCIETÀ | UniGe | Università di Genova | Corsi di Studio UniGe",4,0,0,0,0,0,indexable,"""Media, comunicazione e società"" ""Università degli Studi di Genova""",1,"Media, comunicazione e società UniGe",2,1,0,,1,1,1,1,1,1,2.0,0,CR038,1,1,1,1,1,0,7,0,19,29,api_primary,standard,WVRUN_001,0.97,0.86,1,0.92,mobile,CR034,present,ambiguous,ambiguous,present,heading_or_summary,ambiguous,present,table,ambiguous,present,ambiguous,ambiguous,present,table,ambiguous,present,heading_or_summary,ambiguous,present,heading_or_summary,ambiguous,present,table,ambiguous,present,heading_or_summary,ambiguous,present,table,ambiguous,present,heading_or_summary,ambiguous,present,heading_or_summary,ambiguous,present,heading_or_summary,ambiguous,present,heading_or_summary,ambiguous,present,heading_or_summary,ambiguous,not_observed,not_observed,not_applicable,present,heading_or_summary,ambiguous,present,heading_or_summary,ambiguous,not_observed,1,1.0,1,1,0,1,1,0,0,JR0013,WVRUN_001,CR038,STRUN_001,SD0028,https://corsi.unige.it/corsi/11938,artifacts/journeys/J013_C013_media-comunicazione-e-societa/source/SD0028.html,,validated,,0,0,0,1,0,0,0,0
definitive,sample_v1,2026-05-07,,UNI07,Università degli Studi di Genova,Nord,statale,Genova-Savona,https://unige.it/,https://corsi.unige.it/,C014,Digital Humanities - Interactive systems and digital media,LM-92,,https://corsi.unige.it/corsi/11945,https://corsi.unige.it/corsi/11945,unige_course_portal,0,https://unige.it/,https://corsi.unige.it/corsi/11945,1,2,34,programmes_hub,manual journey collected 2026-04-22 via homepage 'Futuri Studenti' card 'Lauree magistrali' > magistrale listing > course card; 11945 is 2025/26 code (prev 11661 same course); English-language course in Italian listing; 2 clicks,1,,2,0,1,1,1,1,1,1,1,1,8,1.0,CORSO DI LAUREA MAGISTRALE (D.M. 1649/2023) in  DIGITAL HUMANITIES - INTERACTIVE SYSTEMS AND DIGITAL MEDIA | UniGe | Università di Genova | Corsi di Studio UniGe,4,0,0,0,0,0,indexable,"""Digital Humanities - Interactive systems and digital media"" ""Università degli Studi di Genova""",1,Digital Humanities - Interactive systems and digital media UniGe,1,1,0,,1,1,1,1,1,1,1.0,0,CR038,1,1,1,1,1,2,7,0,21,42,api_primary,standard,WVRUN_001,0.57,0.82,1,0.83,mobile,CR034,present,ambiguous,ambiguous,present,heading_or_summary,ambiguous,present,table,ambiguous,present,ambiguous,ambiguous,present,table,ambiguous,present,heading_or_summary,ambiguous,present,heading_or_summary,ambiguous,present,table,ambiguous,present,heading_or_summary,ambiguous,present,table,ambiguous,not_observed,not_observed,not_applicable,present,heading_or_summary,ambiguous,present,heading_or_summary,ambiguous,present,heading_or_summary,ambiguous,present,heading_or_summary,ambiguous,not_observed,not_observed,not_applicable,present,heading_or_summary,ambiguous,present,heading_or_summary,ambiguous,not_observed,0,0.8571,1,1,0,1,1,0,0,JR0014,WVRUN_001,CR038,STRUN_001,SD0029,https://corsi.unige.it/corsi/11945,artifacts/journeys/J014_C014_digital-humanities-interactive-systems-and-digital-media/source/SD0029.html,,validated,,0,0,0,1,0,0,0,0
definitive,sample_v1,2026-05-07,,UNI08,Università degli Studi di Milano-Bicocca,Nord,statale,Milano,https://www.unimib.it/,https://www.unimib.it/studiare,C015,Comunicazione interculturale,L-20,,https://www.unimib.it/triennale/comunicazione-interculturale,https://www.unimib.it/triennale/comunicazione-interculturale,unimib_course_site,0,https://www.unimib.it/,https://www.unimib.it/triennale/comunicazione-interculturale,1,3,45,programmes_hub,manual journey collected 2026-04-22 via homepage nav 'Studiare' dropdown > 'Corsi di laurea - iscrizioni' > offerta formativa > 'Area Formazione' > course card; 7 discipline areas; 3 clicks,1,,0,0,1,1,0,1,1,1,1,0,6,0.75,Comunicazione interculturale | Università degli Studi di Milano-Bicocca,3,0,0,1,0,0,indexable,"""Comunicazione interculturale"" ""Università degli Studi di Milano-Bicocca""",1,Comunicazione interculturale UniMiB,1,1,0,,1,1,1,1,1,1,1.0,0,CR038,1,1,1,1,2,0,0,0,4,9,api_primary,standard,WVRUN_001,0.59,0.96,0.96,0.92,mobile,CR034,present,ambiguous,ambiguous,present,heading_or_summary,ambiguous,present,heading_or_summary,ambiguous,not_observed,not_observed,not_applicable,present,heading_or_summary,ambiguous,present,heading_or_summary,ambiguous,not_observed,not_observed,not_applicable,present,heading_or_summary,ambiguous,present,heading_or_summary,ambiguous,present,external_official_portal,ambiguous,present,heading_or_summary,ambiguous,not_observed,not_observed,not_applicable,present,linked_official_page,ambiguous,not_observed,not_observed,not_applicable,present,linked_official_page,ambiguous,present,external_official_portal,ambiguous,present,ambiguous,ambiguous,present,linked_official_page,ambiguous,not_observed,0,0.8571,1,1,0,1,1,0,1,JR0015,WVRUN_001,CR038,STRUN_001,SD0032,https://www.unimib.it/triennale/comunicazione-interculturale,artifacts/journeys/J015_C015_comunicazione-interculturale/source/SD0032.html,,validated,,0,1,0,0,0,1,0,0
definitive,sample_v1,2026-05-07,,UNI08,Università degli Studi di Milano-Bicocca,Nord,statale,Milano,https://www.unimib.it/,https://www.unimib.it/studiare,C016,Teoria e tecnologia della comunicazione,LM-92,,https://www.unimib.it/magistrale/teoria-tecnologia-comunicazione,https://www.unimib.it/magistrale/teoria-tecnologia-comunicazione,unimib_course_site,0,https://www.unimib.it/,https://www.unimib.it/magistrale/teoria-tecnologia-comunicazione,1,3,35,menu,manual journey collected 2026-04-22 via homepage nav 'Studiare' dropdown > 'Corsi di laurea - iscrizioni' > 'Area Scienze - Laurea magistrale' (16 magistrali) > course card; 3 clicks,1,,0,0,1,1,0,1,1,1,1,1,7,0.875,Teoria e tecnologia della comunicazione | Università degli Studi di Milano-Bicocca,3,0,0,1,0,0,indexable,"""Teoria e tecnologia della comunicazione"" ""Università degli Studi di Milano-Bicocca""",1,Teoria e tecnologia della comunicazione UniMiB,1,1,0,,1,1,1,1,1,1,1.0,0,CR038,1,1,1,1,2,0,0,0,4,9,api_primary,standard,WVRUN_001,0.68,0.96,0.96,0.85,mobile,CR034,present,ambiguous,ambiguous,present,heading_or_summary,ambiguous,present,heading_or_summary,ambiguous,not_observed,not_observed,not_applicable,present,heading_or_summary,ambiguous,present,heading_or_summary,ambiguous,not_observed,not_observed,not_applicable,present,heading_or_summary,ambiguous,present,heading_or_summary,ambiguous,not_observed,not_observed,not_applicable,present,heading_or_summary,ambiguous,not_observed,not_observed,not_applicable,present,linked_official_page,ambiguous,present,ambiguous,ambiguous,present,linked_official_page,ambiguous,present,external_official_portal,ambiguous,present,ambiguous,ambiguous,present,linked_official_page,ambiguous,not_observed,0,0.7143,1,1,0,1,1,0,0,JR0016,WVRUN_001,CR038,STRUN_001,SD0033,https://www.unimib.it/magistrale/teoria-tecnologia-comunicazione,artifacts/journeys/J016_C016_teoria-e-tecnologia-della-comunicazione/source/SD0033.html,,validated,,0,1,0,0,0,0,0,0
definitive,sample_v1,2026-05-07,,UNI09,Università degli Studi di Milano,Nord,statale,Milano,https://www.unimi.it/,https://www.unimi.it/it/corsi,C017,Comunicazione e società,L-20,,https://www.unimi.it/it/corsi/laurea-triennale/comunicazione-e-societa-ces,https://www.unimi.it/it/corsi/laurea-triennale/comunicazione-e-societa-ces,unimi_course_site,0,https://www.unimi.it/,https://www.unimi.it/it/corsi/laurea-triennale/comunicazione-e-societa-ces,1,2,20,menu,manual journey collected 2026-04-22 via 'Corsi' nav dropdown > 'Lauree triennali e magistrali ciclo unico' > alphabetical listing (82 corsi) > course card; 2 clicks,1,,2,0,1,1,1,1,1,1,1,1,8,1.0,Comunicazione e società (CES) | Università degli Studi di Milano Statale,3,0,0,1,0,0,indexable,"""Comunicazione e società"" ""Università degli Studi di Milano""",1,Comunicazione e società UniMi,1,1,0,,1,1,1,1,1,1,1.0,0,CR038,1,1,1,1,1,0,0,1,1,2,api_primary,standard,WVRUN_001,0.66,0.96,0.96,0.92,mobile,CR034,present,ambiguous,ambiguous,present,heading_or_summary,ambiguous,present,heading_or_summary,ambiguous,present,heading_or_summary,ambiguous,present,heading_or_summary,ambiguous,present,heading_or_summary,ambiguous,present,heading_or_summary,ambiguous,present,heading_or_summary,ambiguous,present,heading_or_summary,ambiguous,present,heading_or_summary,ambiguous,present,heading_or_summary,ambiguous,present,heading_or_summary,ambiguous,present,linked_official_page,ambiguous,present,linked_official_page,ambiguous,present,heading_or_summary,ambiguous,present,linked_pdf,ambiguous,not_observed,not_observed,not_applicable,present,linked_official_page,ambiguous,not_observed,1,1.0,1,1,0,1,1,0,0,JR0017,WVRUN_001,CR038,STRUN_001,SD0036,https://www.unimi.it/it/corsi/laurea-triennale/comunicazione-e-societa-ces,artifacts/journeys/J017_C017_comunicazione-e-societa/source/SD0036.html,,validated,,0,0,0,0,0,0,0,0
definitive,sample_v1,2026-05-07,,UNI09,Università degli Studi di Milano,Nord,statale,Milano,https://www.unimi.it/,https://www.unimi.it/it/corsi,C018,"Editoria, culture della comunicazione e della moda",LM-92,,https://www.unimi.it/it/corsi/laurea-magistrale/editoria-culture-della-comunicazione-e-della-moda,https://www.unimi.it/it/corsi/laurea-magistrale/editoria-culture-della-comunicazione-e-della-moda,unimi_course_site,0,https://www.unimi.it/,https://www.unimi.it/it/corsi/laurea-magistrale/editoria-culture-della-comunicazione-e-della-moda,1,2,20,menu,manual journey collected 2026-04-22 via 'Corsi' nav dropdown > 'Lauree Magistrali' > alphabetical listing (78 corsi) > course card; 2 clicks; same UniMi navigation pattern as J017,1,,2,0,1,1,1,1,1,1,1,1,8,1.0,"Editoria, culture della comunicazione e della moda | Università degli Studi di Milano Statale",3,0,0,1,0,0,indexable,"""Editoria, culture della comunicazione e della moda"" ""Università degli Studi di Milano""",1,"Editoria, culture della comunicazione e della moda UniMi",1,1,0,,1,1,1,1,1,1,1.0,0,CR039,1,1,1,1,1,0,0,1,1,2,api_primary,standard,WVRUN_001,0.65,0.96,0.96,0.92,mobile,CR034,present,ambiguous,ambiguous,present,heading_or_summary,ambiguous,present,heading_or_summary,ambiguous,present,table,ambiguous,present,heading_or_summary,ambiguous,present,heading_or_summary,ambiguous,present,heading_or_summary,ambiguous,present,heading_or_summary,ambiguous,present,heading_or_summary,ambiguous,present,heading_or_summary,ambiguous,present,heading_or_summary,ambiguous,present,linked_official_page,ambiguous,present,linked_official_page,ambiguous,present,linked_official_page,ambiguous,present,heading_or_summary,ambiguous,present,linked_pdf,ambiguous,present,ambiguous,ambiguous,present,linked_official_page,ambiguous,low,1,1.0,1,1,0,1,1,0,0,JR0018,WVRUN_001,CR039,STRUN_001,SD0037,https://www.unimi.it/it/corsi/laurea-magistrale/editoria-culture-della-comunicazione-e-della-moda,artifacts/journeys/J018_C018_editoria-culture-della-comunicazione-e-della-moda/source/SD0037.html,,validated,,0,0,0,0,0,0,0,0
definitive,sample_v1,2026-05-07,,UNI10,Università degli Studi dell'Insubria,Nord,statale,Varese,https://www.uninsubria.it/,https://www.uninsubria.it/formazione/la-nostra-didattica,C019,Scienze della comunicazione,L-20,,https://www.uninsubria.it/formazione/offerta-formativa/corsi-di-laurea/scienze-della-comunicazione,https://www.uninsubria.it/formazione/offerta-formativa/corsi-di-laurea/scienze-della-comunicazione,uninsubria_course_site,0,https://www.uninsubria.it/,https://www.uninsubria.it/formazione/offerta-formativa/corsi-di-laurea/scienze-della-comunicazione,1,2,22,menu,manual journey collected 2026-04-22 via homepage Formazione nav dropdown > Corsi di laurea > shared all-courses listing > course link; 2 clicks; observed path bypasses the broader La nostra didattica overview page,1,,3,0,1,1,1,1,1,1,1,1,8,1.0,[SU02] SCIENZE DELLA COMUNICAZIONE | Università degli studi dell'Insubria,3,0,0,1,0,0,indexable,"""Scienze della comunicazione"" ""Università degli Studi dell'Insubria""",1,Scienze della comunicazione Insubria,1,1,0,,1,1,1,1,1,1,1.0,0,CR039,1,1,1,1,2,0,0,0,7,3,api_primary,standard,WVRUN_001,0.73,0.95,0.96,0.92,mobile,CR034,present,ambiguous,ambiguous,present,heading_or_summary,ambiguous,present,heading_or_summary,ambiguous,present,heading_or_summary,ambiguous,present,heading_or_summary,ambiguous,present,heading_or_summary,ambiguous,present,heading_or_summary,ambiguous,present,heading_or_summary,ambiguous,present,heading_or_summary,ambiguous,present,heading_or_summary,ambiguous,present,heading_or_summary,ambiguous,present,heading_or_summary,ambiguous,present,heading_or_summary,ambiguous,present,heading_or_summary,ambiguous,present,heading_or_summary,ambiguous,present,accordion,ambiguous,present,linked_official_page,ambiguous,present,heading_or_summary,ambiguous,medium,1,1.0,1,1,0,1,1,0,0,JR0019,WVRUN_001,CR039,STRUN_001,SD0040,https://www.uninsubria.it/formazione/offerta-formativa/corsi-di-laurea/scienze-della-comunicazione,artifacts/journeys/J019_C019_scienze-della-comunicazione/source/SD0040.html,,validated,,0,0,0,0,0,0,0,0
definitive,sample_v1,2026-05-07,,UNI10,Università degli Studi dell'Insubria,Nord,statale,Varese,https://www.uninsubria.it/,https://www.uninsubria.it/formazione/la-nostra-didattica,C020,Scienze e Tecniche della Comunicazione,LM-92,,https://www.uninsubria.it/formazione/offerta-formativa/corsi-di-laurea/scienze-e-tecniche-della-comunicazione,https://www.uninsubria.it/formazione/offerta-formativa/corsi-di-laurea/scienze-e-tecniche-della-comunicazione,uninsubria_course_site,0,https://www.uninsubria.it/,https://www.uninsubria.it/formazione/offerta-formativa/corsi-di-laurea/scienze-e-tecniche-della-comunicazione,1,2,24,menu,manual journey collected 2026-04-22 via homepage Formazione nav dropdown > Corsi di laurea > shared all-courses listing > course link; 2 clicks; same listing used for J019 exposes both communication degrees,1,,3,0,1,1,1,1,1,1,1,1,8,1.0,[SU03] SCIENZE E TECNICHE DELLA COMUNICAZIONE | Università degli studi dell'Insubria,3,0,0,1,0,0,indexable,"""Scienze e Tecniche della Comunicazione"" ""Università degli Studi dell'Insubria""",1,Scienze e Tecniche della Comunicazione Insubria,1,1,0,,1,1,1,1,1,1,1.0,0,CR039,1,1,1,1,2,0,0,0,7,3,api_primary,standard,WVRUN_001,0.77,0.95,0.96,0.92,mobile,CR034,present,ambiguous,ambiguous,present,heading_or_summary,ambiguous,present,heading_or_summary,ambiguous,present,heading_or_summary,ambiguous,present,heading_or_summary,ambiguous,present,heading_or_summary,ambiguous,present,heading_or_summary,ambiguous,present,heading_or_summary,ambiguous,present,heading_or_summary,ambiguous,present,heading_or_summary,ambiguous,present,heading_or_summary,ambiguous,present,heading_or_summary,ambiguous,present,heading_or_summary,ambiguous,present,heading_or_summary,ambiguous,present,heading_or_summary,ambiguous,present,accordion,ambiguous,present,linked_official_page,ambiguous,present,heading_or_summary,ambiguous,medium,1,1.0,1,1,0,1,1,0,0,JR0020,WVRUN_001,CR039,STRUN_001,SD0041,https://www.uninsubria.it/formazione/offerta-formativa/corsi-di-laurea/scienze-e-tecniche-della-comunicazione,artifacts/journeys/J020_C020_scienze-e-tecniche-della-comunicazione/source/SD0041.html,,validated,,0,0,0,0,0,0,0,0
definitive,sample_v1,2026-05-07,,UNI11,Università degli Studi di Salerno,Sud,statale,Fisciano (SA),https://www.unisa.it/,https://web.unisa.it/didattica/corsi-laurea,C021,Scienze della comunicazione,L-20,,https://corsi.unisa.it/scienze-della-comunicazione,https://corsi.unisa.it/scienze-della-comunicazione,unisa_course_site,0,https://www.unisa.it/,https://corsi.unisa.it/scienze-della-comunicazione,1,3,28,menu,manual journey collected 2026-04-22 via homepage > Didattica > Corsi di Laurea e Laurea Magistrale > triennale table > course link; 3 clicks; listing row shows SC122 and links to the dedicated course site,1,,1,0,1,1,0,0,1,1,1,1,6,0.75,Scienze della Comunicazione | Home,2,0,0,0,0,0,indexable,"""Scienze della comunicazione"" ""Università degli Studi di Salerno""",1,Scienze della comunicazione Unisa,1,1,0,,1,1,1,1,1,1,1.0,0,CR039,1,1,1,1,1,0,1,0,3,8,api_primary,standard,WVRUN_001,0.95,0.98,0.79,0.92,mobile,CR034,present,ambiguous,ambiguous,present,heading_or_summary,ambiguous,present,heading_or_summary,ambiguous,not_observed,not_observed,not_applicable,not_observed,not_observed,not_applicable,not_observed,not_observed,not_applicable,present,heading_or_summary,ambiguous,not_observed,not_observed,not_applicable,present,linked_official_page,ambiguous,present,linked_official_page,ambiguous,not_observed,not_observed,not_applicable,not_observed,not_observed,not_applicable,not_observed,not_observed,not_applicable,present,external_official_portal,ambiguous,present,linked_official_page,ambiguous,present,heading_or_summary,ambiguous,present,linked_official_page,ambiguous,present,external_official_portal,ambiguous,not_observed,0,0.7143,1,0,0,1,1,0,0,JR0021,WVRUN_001,CR039,STRUN_001,SD0044,https://corsi.unisa.it/scienze-della-comunicazione,artifacts/journeys/J021_C021_scienze-della-comunicazione/source/SD0044.html,,validated,,0,0,0,0,0,0,0,0
definitive,sample_v1,2026-05-07,,UNI11,Università degli Studi di Salerno,Sud,statale,Fisciano (SA),https://www.unisa.it/,https://web.unisa.it/didattica/corsi-laurea,C022,Corporate Communication e Media (interclasse LM-59/LM-92),LM-59/LM-92,,https://corsi.unisa.it/corporate-communication-e-media,https://corsi.unisa.it/corporate-communication-e-media,unisa_course_site,0,https://www.unisa.it/,https://corsi.unisa.it/corporate-communication-e-media,1,3,30,menu,manual journey collected 2026-04-22 via homepage > Didattica > Corsi di Laurea e Laurea Magistrale > interclasse magistrale table > course link; 3 clicks; listing row exposes the dedicated course site for Corporate Communication e Media,1,,1,0,0,1,0,0,1,1,1,1,5,0.625,Corporate Communication e Media | Home,2,0,0,0,0,0,indexable,"""Corporate Communication e Media"" ""Università degli Studi di Salerno""",1,Corporate Communication e Media Unisa,1,1,0,,1,1,1,1,1,1,1.0,0,CR039,1,1,1,1,1,0,1,0,3,8,api_primary,standard,WVRUN_001,0.92,0.98,0.79,0.92,mobile,CR034,present,ambiguous,ambiguous,present,heading_or_summary,ambiguous,present,heading_or_summary,ambiguous,not_observed,not_observed,not_applicable,not_observed,not_observed,not_applicable,not_observed,not_observed,not_applicable,present,heading_or_summary,ambiguous,not_observed,not_observed,not_applicable,present,linked_official_page,ambiguous,present,linked_official_page,ambiguous,not_observed,not_observed,not_applicable,not_observed,not_observed,not_applicable,not_observed,not_observed,not_applicable,present,external_official_portal,ambiguous,present,linked_official_page,ambiguous,present,heading_or_summary,ambiguous,present,linked_official_page,ambiguous,present,external_official_portal,ambiguous,not_observed,0,0.7143,1,0,0,1,1,0,0,JR0022,WVRUN_001,CR039,STRUN_001,SD0045,https://corsi.unisa.it/corporate-communication-e-media,artifacts/journeys/J022_C022_corporate-communication-e-media-interclasse-lm-59-lm-92/source/SD0045.html,,validated,,0,0,0,0,0,0,0,0
definitive,sample_v1,2026-05-07,,UNI12,Università degli Studi Roma Tre,Centro,statale,Roma,https://www.uniroma3.it/,https://www.uniroma3.it/didattica/offerta-formativa/,C023,Scienze della comunicazione,L-20,,https://www.uniroma3.it/corsi/dipartimento-di-filosofia-comunicazione-e-spettacolo/l/2025-2026/scienze-della-comunicazione-0580706202000001/,https://www.uniroma3.it/corsi/dipartimento-di-filosofia-comunicazione-e-spettacolo/l/2025-2026/scienze-della-comunicazione-0580706202000001/,uniroma3_course_site,0,https://www.uniroma3.it/,https://www.uniroma3.it/corsi/dipartimento-di-filosofia-comunicazione-e-spettacolo/l/2025-2026/scienze-della-comunicazione-0580706202000001/,1,2,22,menu,manual journey collected 2026-04-22 via homepage DIDATTICA mega-menu > Corsi di Laurea > Filosofia Comunicazione e Spettacolo section > course link; 2 clicks; the old didattica-ws menu URL redirects to the current 2025-2026 listing page with a direct course link,0,,3,0,1,1,1,1,1,1,1,1,8,1.0,Scienze della Comunicazione - Università Roma Tre,3,1,3,1,0,0,indexable,"""Scienze della comunicazione"" ""Università degli Studi Roma Tre""",1,Scienze della comunicazione Roma Tre,1,1,0,,1,1,1,1,1,1,1.0,0,CR040,1,0,1,1,1,0,2,2,5,1,api_primary,standard,WVRUN_001,0.44,0.9,0.79,1,mobile,CR034,present,ambiguous,ambiguous,present,heading_or_summary,ambiguous,not_observed,not_observed,not_applicable,present,ambiguous,ambiguous,present,ambiguous,ambiguous,present,heading_or_summary,ambiguous,not_observed,not_observed,not_applicable,not_observed,not_observed,not_applicable,present,heading_or_summary,ambiguous,present,accordion,ambiguous,present,heading_or_summary,ambiguous,present,linked_pdf,ambiguous,present,heading_or_summary,ambiguous,present,heading_or_summary,ambiguous,present,heading_or_summary,ambiguous,present,ambiguous,ambiguous,present,heading_or_summary,ambiguous,present,heading_or_summary,ambiguous,not_observed,1,1.0,1,1,0,1,1,0,0,JR0023,WVRUN_001,CR040,STRUN_001,SD0049,https://www.uniroma3.it/corsi/dipartimento-di-filosofia-comunicazione-e-spettacolo/l/2025-2026/scienze-della-comunicazione-0580706202000001/,artifacts/journeys/J023_C023_scienze-della-comunicazione/source/SD0049.html,,validated,,0,0,0,0,1,0,0,0
definitive,sample_v1,2026-05-07,,UNI12,Università degli Studi Roma Tre,Centro,statale,Roma,https://www.uniroma3.it/,https://www.uniroma3.it/didattica/offerta-formativa/,C024,Scienze cognitive della comunicazione e dell'azione,LM-92,,https://www.uniroma3.it/corsi/dipartimento-di-filosofia-comunicazione-e-spettacolo/lm/2025-2026/scienze-cognitive-della-comunicazione-e-dellazione-0580707309300001/,https://www.uniroma3.it/corsi/dipartimento-di-filosofia-comunicazione-e-spettacolo/lm/2025-2026/scienze-cognitive-della-comunicazione-e-dellazione-0580707309300001/,uniroma3_course_site,0,https://www.uniroma3.it/,https://www.uniroma3.it/corsi/dipartimento-di-filosofia-comunicazione-e-spettacolo/lm/2025-2026/scienze-cognitive-della-comunicazione-e-dellazione-0580707309300001/,1,2,23,menu,manual journey collected 2026-04-22 via homepage DIDATTICA mega-menu > Corsi di Laurea Magistrale > Filosofia Comunicazione e Spettacolo section > course link; 2 clicks; the type-specific 2025-2026 listing links directly to the LM-92 course page,0,,3,0,1,1,1,1,1,1,1,1,8,1.0,Scienze Cognitive della Comunicazione e dell'Azione - Università Roma Tre,3,1,3,1,0,0,indexable,"""Scienze cognitive della comunicazione e dell'azione"" ""Università degli Studi Roma Tre""",1,Scienze cognitive della comunicazione e dell'azione Roma Tre,1,1,0,,1,1,1,1,1,1,1.0,0,CR040,1,0,1,1,1,0,2,2,5,1,api_primary,standard,WVRUN_001,0.52,0.9,0.79,1,mobile,CR034,present,ambiguous,ambiguous,present,heading_or_summary,ambiguous,present,ambiguous,ambiguous,present,ambiguous,ambiguous,present,ambiguous,ambiguous,present,heading_or_summary,ambiguous,not_observed,not_observed,not_applicable,not_observed,not_observed,not_applicable,present,heading_or_summary,ambiguous,present,accordion,ambiguous,present,heading_or_summary,ambiguous,present,linked_pdf,ambiguous,present,heading_or_summary,ambiguous,present,heading_or_summary,ambiguous,present,heading_or_summary,ambiguous,present,ambiguous,ambiguous,present,heading_or_summary,ambiguous,present,heading_or_summary,ambiguous,not_observed,1,1.0,1,1,0,1,1,0,0,JR0024,WVRUN_001,CR040,STRUN_001,SD0050,https://www.uniroma3.it/corsi/dipartimento-di-filosofia-comunicazione-e-spettacolo/lm/2025-2026/scienze-cognitive-della-comunicazione-e-dellazione-0580707309300001/,artifacts/journeys/J024_C024_scienze-cognitive-della-comunicazione-e-dell-azione/source/SD0050.html,,validated,,0,0,0,0,0,0,0,0
definitive,sample_v1,2026-05-07,,UNI13,Università degli Studi di Palermo,Isole,statale,Palermo,https://www.unipa.it/,https://www.unipa.it/didattica/offerta-formativa.html,C025,Scienze della Comunicazione,L-20,,https://www.unipa.it/dipartimenti/cultureesocieta/cds/scienzedellacomunicazione2447,https://www.unipa.it/dipartimenti/cultureesocieta/cds/scienzedellacomunicazione2447,unipa_course_site,0,https://www.unipa.it/,https://www.unipa.it/dipartimenti/cultureesocieta/cds/scienzedellacomunicazione2447,1,2,30,programmes_hub,manual journey collected 2026-04-23 via homepage Didattica dropdown > offerta-formativa.html (Vue.js SPA with type filter) > Culture e Società dept > SCIENZE DELLA COMUNICAZIONE card > struttura.html?id=2989 → 302→302 → course page; 2 clicks; type filter Laurea used; 5 curricula all sharing UNIDB_ID=2989,1,,3,0,1,1,1,1,1,1,1,1,8,1.0,2447 - SCIENZE DELLA COMUNICAZIONE | Università degli Studi di Palermo,3,1,1,0,0,0,indexable,"""Scienze della Comunicazione"" ""Università degli Studi di Palermo""",1,Scienze della Comunicazione UniPa,3,1,0,,1,1,1,1,1,1,1.0,0,CR040,1,1,1,0,1,0,0,0,8,0,api_primary,standard,WVRUN_001,0.56,0.9,0.93,1,mobile,CR034,present,ambiguous,ambiguous,present,heading_or_summary,ambiguous,present,heading_or_summary,ambiguous,not_observed,not_observed,not_applicable,not_observed,not_observed,not_applicable,present,heading_or_summary,ambiguous,present,heading_or_summary,ambiguous,not_observed,not_observed,not_applicable,present,heading_or_summary,ambiguous,present,heading_or_summary,ambiguous,not_observed,not_observed,not_applicable,present,inline_html,ambiguous,present,linked_official_page,ambiguous,present,heading_or_summary,ambiguous,present,heading_or_summary,ambiguous,present,heading_or_summary,ambiguous,present,heading_or_summary,ambiguous,not_observed,not_observed,not_applicable,not_observed,0,0.8571,1,1,0,1,1,0,0,JR0025,WVRUN_001,CR040,STRUN_001,SD0053,https://www.unipa.it/dipartimenti/cultureesocieta/cds/scienzedellacomunicazione2447,artifacts/journeys/J025_C025_scienze-della-comunicazione/source/SD0053.html,,validated,,0,0,0,1,0,0,0,0
definitive,sample_v1,2026-05-07,,UNI13,Università degli Studi di Palermo,Isole,statale,Palermo,https://www.unipa.it/,https://www.unipa.it/didattica/offerta-formativa.html,C026,Comunicazione del patrimonio culturale,LM-92,,https://www.unipa.it/dipartimenti/cultureesocieta/cds/comunicazionedelpatrimonioculturale2215,https://www.unipa.it/dipartimenti/cultureesocieta/cds/comunicazionedelpatrimonioculturale2215,unipa_course_site,0,https://www.unipa.it/,https://www.unipa.it/dipartimenti/cultureesocieta/cds/comunicazionedelpatrimonioculturale2215,1,2,24,programmes_hub,manual journey collected 2026-04-23 via homepage Didattica dropdown > offerta-formativa.html (Vue.js SPA with type filter) > Culture e Società dept > COMUNICAZIONE DEL PATRIMONIO CULTURALE card > struttura.html?id=1770 → 302→302 → course page; 2 clicks; type filter Laurea magistrale used; LM-92 with no curricula subdivisions,1,,3,0,1,1,1,1,1,1,1,1,8,1.0,2215 - COMUNICAZIONE DEL PATRIMONIO CULTURALE | Università degli Studi di Palermo,3,1,1,0,0,0,indexable,"""Comunicazione del patrimonio culturale"" ""Università degli Studi di Palermo""",1,Comunicazione del patrimonio culturale UniPa,1,1,0,,1,1,1,1,1,1,1.0,0,CR040,1,1,1,0,1,0,0,0,16,0,api_primary,standard,WVRUN_001,0.63,0.85,0.96,0.92,mobile,CR034,present,ambiguous,ambiguous,present,heading_or_summary,ambiguous,present,heading_or_summary,ambiguous,not_observed,not_observed,not_applicable,present,ambiguous,ambiguous,present,heading_or_summary,ambiguous,present,inline_html,ambiguous,not_observed,not_observed,not_applicable,present,heading_or_summary,ambiguous,present,linked_official_page,ambiguous,not_observed,not_observed,not_applicable,present,inline_html,ambiguous,present,linked_official_page,ambiguous,present,ambiguous,ambiguous,present,heading_or_summary,ambiguous,not_observed,not_observed,not_applicable,present,heading_or_summary,ambiguous,not_observed,not_observed,not_applicable,not_observed,0,0.8571,1,1,0,1,1,0,0,JR0026,WVRUN_001,CR040,STRUN_001,SD0054,https://www.unipa.it/dipartimenti/cultureesocieta/cds/comunicazionedelpatrimonioculturale2215,artifacts/journeys/J026_C026_comunicazione-del-patrimonio-culturale/source/SD0054.html,,validated,,0,0,0,1,0,0,0,0
definitive,sample_v1,2026-05-07,,UNI14,Università per Stranieri di Perugia,Centro,statale,Perugia,https://www.unistrapg.it/,https://www.unistrapg.it/offerta-formativa,C027,Comunicazione internazionale e pubblicitaria,L-20,,https://www.unistrapg.it/it/offerta-formativa/corsi-di-laurea-e-laurea-magistrale/corso-di-laurea-comunicazione-internazionale-e-pubblicitaria-comip,https://www.unistrapg.it/offerta-formativa/corsi-di-laurea-e-laurea-magistrale/corso-di-laurea-comunicazione-internazionale-e-pubblicitaria-comip,unistrapg_course_site,0,https://www.unistrapg.it/,https://www.unistrapg.it/it/offerta-formativa/corsi-di-laurea-e-laurea-magistrale/corso-di-laurea-comunicazione-internazionale-e-pubblicitaria-comip,1,2,19,cta,manual journey collected 2026-04-23 via homepage Offerta formativa dropdown > corsi-di-laurea-e-laurea-magistrale listing > ComIP card Vai alla pagina del corso (/comip → 301 → canonical); 2 clicks; nav dropdown also exposes direct 1-click course link not taken; /comip slug confirmed 301 to canonical IT URL,1,,2,0,1,1,0,1,1,1,1,1,7,0.875,Corso di laurea in Comunicazione internazionale e pubblicitaria (ComIP),3,0,0,1,0,1,indexable,"""Comunicazione internazionale e pubblicitaria"" ""Università per Stranieri di Perugia""",1,Comunicazione internazionale e pubblicitaria UniStraPG,1,1,0,,1,1,1,1,1,1,1.0,0,CR040,1,1,1,1,1,0,0,1,3,0,api_primary,standard,WVRUN_001,0.55,1,0.79,0.92,mobile,CR034,present,ambiguous,ambiguous,present,heading_or_summary,ambiguous,present,ambiguous,ambiguous,present,heading_or_summary,ambiguous,present,ambiguous,ambiguous,present,inline_html,ambiguous,not_observed,not_observed,not_applicable,not_observed,not_observed,not_applicable,present,heading_or_summary,ambiguous,present,inline_html,ambiguous,present,heading_or_summary,ambiguous,not_observed,not_observed,not_applicable,present,ambiguous,ambiguous,present,heading_or_summary,ambiguous,present,heading_or_summary,ambiguous,present,heading_or_summary,ambiguous,present,linked_official_page,ambiguous,present,linked_official_page,ambiguous,not_observed,0,0.8571,1,1,0,1,1,0,0,JR0027,WVRUN_001,CR040,STRUN_001,SD0057,https://www.unistrapg.it/offerta-formativa/corsi-di-laurea-e-laurea-magistrale/corso-di-laurea-comunicazione-internazionale-e-pubblicitaria-comip,artifacts/journeys/J027_C027_comunicazione-internazionale-e-pubblicitaria/source/SD0057.html,,validated,,0,0,0,0,0,0,0,0
definitive,sample_v1,2026-05-07,,UNI14,Università per Stranieri di Perugia,Centro,statale,Perugia,https://www.unistrapg.it/,https://www.unistrapg.it/offerta-formativa,C028,"Comunicazione pubblicitaria, storytelling e cultura d'immagine",LM-92,,https://www.unistrapg.it/it/offerta-formativa/corsi-di-laurea-e-laurea-magistrale/corso-di-laurea-magistrale-comunicazione-pubblicitaria-storytelling-e-cultura-dimmagine-compsi,https://www.unistrapg.it/offerta-formativa/corsi-di-laurea-e-laurea-magistrale/corso-di-laurea-magistrale-comunicazione-pubblicitaria-storytelling-e-cultura-dimmagine-compsi,unistrapg_course_site,0,https://www.unistrapg.it/,https://www.unistrapg.it/it/offerta-formativa/corsi-di-laurea-e-laurea-magistrale/corso-di-laurea-magistrale-comunicazione-pubblicitaria-storytelling-e-cultura-dimmagine-compsi,1,2,19,cta,CR028 2026-04-23; 2 clicks via Offerta formativa nav dropdown > corsi-di-laurea-e-laurea-magistrale listing > CompSI card Vai alla pagina del corso; /compsi slug → 301 → canonical /it/ URL; direct_cta_used=1; 1-click shortcut also present directly in nav dropdown,1,,2,0,1,1,0,1,1,1,1,1,7,0.875,"Corso di laurea magistrale in Comunicazione pubblicitaria, storytelling e cultura d'immagine (ComPSI)",3,0,0,1,0,1,indexable,"""Comunicazione pubblicitaria, storytelling e cultura d'immagine"" ""Università per Stranieri di Perugia""",1,"Comunicazione pubblicitaria, storytelling e cultura d'immagine UniStraPG",1,1,0,,1,1,1,1,1,1,1.0,0,CR041,1,1,1,1,1,0,0,1,4,0,api_primary,standard,WVRUN_001,0.55,1,0.79,0.92,mobile,CR034,present,ambiguous,ambiguous,present,heading_or_summary,ambiguous,present,ambiguous,ambiguous,present,heading_or_summary,ambiguous,present,ambiguous,ambiguous,not_observed,not_observed,not_applicable,not_observed,not_observed,not_applicable,not_observed,not_observed,not_applicable,present,heading_or_summary,ambiguous,present,heading_or_summary,ambiguous,present,inline_html,ambiguous,not_observed,not_observed,not_applicable,present,ambiguous,ambiguous,present,heading_or_summary,ambiguous,present,heading_or_summary,ambiguous,present,heading_or_summary,ambiguous,present,linked_official_page,ambiguous,present,linked_official_page,ambiguous,not_observed,0,0.8571,1,1,0,1,1,0,0,JR0028,WVRUN_001,CR041,STRUN_001,SD0058,https://www.unistrapg.it/offerta-formativa/corsi-di-laurea-e-laurea-magistrale/corso-di-laurea-magistrale-comunicazione-pubblicitaria-storytelling-e-cultura-dimmagine-compsi,artifacts/journeys/J028_C028_comunicazione-pubblicitaria-storytelling-e-cultura-d-immagine/source/SD0058.html,,validated,,0,0,0,0,0,0,0,0
definitive,sample_v1,2026-05-07,,UNI15,Università degli Studi di Urbino Carlo Bo,Centro,statale,Urbino,https://www.uniurb.it/,https://www.uniurb.it/studiaconnoi/futuri-studenti/corsi-di-studio,C029,"Informazione, Media, Pubblicità",L-20,,https://www.uniurb.it/corsi/1757256,https://www.uniurb.it/corsi/1757256,uniurb_course_site,0,https://www.uniurb.it/,https://www.uniurb.it/corsi/1757256,1,2,19,programmes_hub,CR028 2026-04-23; 2 clicks via homepage body Corsi di laurea e insegnamenti section > triennale inline link > corsi-di-studio listing > Informazione Media Pubblicita course link,1,,3,0,1,1,1,1,1,1,1,1,8,1.0,"INFORMAZIONE, MEDIA, PUBBLICITà - A.A. 2025/2026 - LAUREA",3,1,3,1,0,0,indexable,"""Informazione, Media, Pubblicità"" ""Università degli Studi di Urbino Carlo Bo""",1,"Informazione, Media, Pubblicità UniUrb",1,1,0,,1,1,1,1,1,1,1.0,0,CR041,1,0,1,1,1,0,2,1,7,2,api_primary,standard,WVRUN_001,0.52,0.92,0.96,0.92,mobile,CR034,present,ambiguous,ambiguous,present,heading_or_summary,ambiguous,present,table,ambiguous,not_observed,not_observed,not_applicable,not_observed,not_observed,not_applicable,present,heading_or_summary,ambiguous,present,heading_or_summary,ambiguous,not_observed,not_observed,not_applicable,present,heading_or_summary,ambiguous,present,heading_or_summary,ambiguous,present,heading_or_summary,ambiguous,present,table,ambiguous,present,heading_or_summary,ambiguous,present,heading_or_summary,ambiguous,present,heading_or_summary,ambiguous,present,table,ambiguous,present,ambiguous,ambiguous,present,linked_official_page,ambiguous,not_observed,1,1.0,1,1,0,1,1,0,0,JR0029,WVRUN_001,CR041,STRUN_001,SD0063,https://www.uniurb.it/corsi/1757256,artifacts/journeys/J029_C029_informazione-media-pubblicita/source/SD0063.html,,validated,,0,0,0,0,0,0,0,0
definitive,sample_v1,2026-05-07,,UNI15,Università degli Studi di Urbino Carlo Bo,Centro,statale,Urbino,https://www.uniurb.it/,https://www.uniurb.it/studiaconnoi/futuri-studenti/corsi-di-studio,C030,Comunicazione Digitale per la Cultura,LM-92,,https://www.uniurb.it/corsi/1757220,https://www.uniurb.it/corsi/1757220,uniurb_course_site,0,https://www.uniurb.it/,https://www.uniurb.it/corsi/1757220,1,2,19,programmes_hub,CR028 2026-04-23; 2 clicks via homepage body Corsi di laurea e insegnamenti section > magistrale inline link > lauree-magistrali-biennali listing > Comunicazione Digitale per la Cultura course link,1,,3,0,1,1,1,1,1,1,1,1,8,1.0,COMUNICAZIONE DIGITALE PER LA CULTURA - A.A. 2025/2026 - LAUREA MAGISTRALE,3,1,3,1,0,0,indexable,"""Comunicazione Digitale per la Cultura"" ""Università degli Studi di Urbino Carlo Bo""",1,Comunicazione Digitale per la Cultura UniUrb,1,1,0,,1,1,1,1,1,1,1.0,0,CR041,1,0,1,1,1,0,2,1,7,2,api_primary,standard,WVRUN_001,0.48,0.92,0.96,0.92,mobile,CR034,present,ambiguous,ambiguous,present,table,ambiguous,present,table,ambiguous,not_observed,not_observed,not_applicable,not_observed,not_observed,not_applicable,present,heading_or_summary,ambiguous,present,heading_or_summary,ambiguous,not_observed,not_observed,not_applicable,present,heading_or_summary,ambiguous,present,heading_or_summary,ambiguous,present,heading_or_summary,ambiguous,present,table,ambiguous,present,heading_or_summary,ambiguous,present,heading_or_summary,ambiguous,present,heading_or_summary,ambiguous,present,table,ambiguous,present,ambiguous,ambiguous,present,linked_official_page,ambiguous,not_observed,1,1.0,1,1,0,1,1,0,0,JR0030,WVRUN_001,CR041,STRUN_001,SD0064,https://www.uniurb.it/corsi/1757220,artifacts/journeys/J030_C030_comunicazione-digitale-per-la-cultura/source/SD0064.html,,validated,,0,0,0,0,1,0,0,0
definitive,sample_v1,2026-05-07,,UNI16,Università Telematica Internazionale Uninettuno,Online,telematica,Online,https://www.uninettunouniversity.net/it/default.aspx,https://www.uninettunouniversity.net/it/laurea-scienze-della-comunicazione.aspx,C031,Comunicazione digitale d'impresa,L-20,,https://www.uninettunouniversity.net/it/indirizzo-comunicazione-digitale-d-impresa.aspx?degree=334&faculty=7&idindirizzo=179&mode=cs,https://www.uninettunouniversity.net/it/indirizzo-comunicazione-digitale-d-impresa.aspx?degree=334&faculty=7&idindirizzo=179&mode=cs,uninettuno_course_site,0,https://www.uninettunouniversity.net/it/default.aspx,https://www.uninettunouniversity.net/it/indirizzo-comunicazione-digitale-d-impresa.aspx?degree=334&faculty=7&idindirizzo=179&mode=cs,1,2,19,programmes_hub,CR029 2026-04-23; 2 clicks via homepage Offerta formativa card > Lauree Online in Scienze della Comunicazione > Comunicazione digitale d'impresa link on the faculty page,0,,2,0,1,1,0,0,1,1,1,1,6,0.75,Indirizzo: Comunicazione digitale d'impresa,2,1,3,0,0,0,indexable,"""Comunicazione digitale d'impresa"" ""Università Telematica Internazionale Uninettuno""",3,Comunicazione digitale d'impresa Uninettuno,3,1,0,,1,1,1,1,1,1,3.0,0,CR041,1,1,0,1,1,0,0,0,4,1,api_primary,standard,WVRUN_001,0.55,0.92,0.75,1,mobile,CR034,present,ambiguous,ambiguous,present,heading_or_summary,ambiguous,not_observed,not_observed,not_applicable,present,table,ambiguous,not_observed,not_observed,not_applicable,present,heading_or_summary,ambiguous,not_observed,not_observed,not_applicable,present,table,ambiguous,present,linked_official_page,ambiguous,not_observed,not_observed,not_applicable,present,heading_or_summary,ambiguous,not_observed,not_observed,not_applicable,not_observed,not_observed,not_applicable,present,linked_official_page,ambiguous,present,heading_or_summary,ambiguous,present,linked_pdf,ambiguous,present,linked_official_page,ambiguous,not_observed,not_observed,not_applicable,not_observed,0,0.7143,1,0,0,1,1,0,0,JR0031,WVRUN_001,CR041,STRUN_001,SD0067,https://www.uninettunouniversity.net/it/indirizzo-comunicazione-digitale-d-impresa.aspx?degree=334&faculty=7&idindirizzo=179&mode=cs,artifacts/journeys/J031_C031_comunicazione-digitale-d-impresa/source/SD0067.html,,validated,,0,0,0,0,0,0,0,0
definitive,sample_v1,2026-05-07,,UNI16,Università Telematica Internazionale Uninettuno,Online,telematica,Online,https://www.uninettunouniversity.net/it/default.aspx,https://www.uninettunouniversity.net/it/laurea-scienze-della-comunicazione.aspx,C032,"Culture, linguaggi e strategie per la comunicazione nell'era digitale",LM-92,,https://www.uninettunouniversity.net/it/culture-linguaggi-e-strategie-per-la-comunicazione-nell-era-digitale.aspx,https://www.uninettunouniversity.net/it/culture-linguaggi-e-strategie-per-la-comunicazione-nell-era-digitale.aspx,uninettuno_course_site,0,https://www.uninettunouniversity.net/it/default.aspx,https://www.uninettunouniversity.net/it/culture-linguaggi-e-strategie-per-la-comunicazione-nell-era-digitale.aspx,1,2,19,programmes_hub,CR029 2026-04-23; 2 clicks via homepage Offerta formativa card > Lauree Online in Scienze della Comunicazione > LM-92 course link on the faculty page,0,,2,0,0,1,0,0,1,0,1,0,3,0.375,"Culture, linguaggi e strategie per la comunicazione nell'era digitale",2,1,3,0,0,0,indexable,"""Culture, linguaggi e strategie per la comunicazione nell'era digitale"" ""Università Telematica Internazionale Uninettuno""",2,"Culture, linguaggi e strategie per la comunicazione nell'era digitale Uninettuno",1,1,0,,1,1,1,1,1,1,1.0,0,CR041,1,1,0,0,0,0,0,0,1,0,api_primary,standard,WVRUN_001,0.43,0.93,0.75,1,mobile,CR034,present,ambiguous,ambiguous,present,heading_or_summary,ambiguous,not_observed,not_observed,not_applicable,not_observed,not_observed,not_applicable,not_observed,not_observed,not_applicable,not_observed,not_observed,not_applicable,not_observed,not_observed,not_applicable,not_observed,not_observed,not_applicable,present,linked_official_page,ambiguous,not_observed,not_observed,not_applicable,present,heading_or_summary,ambiguous,not_observed,not_observed,not_applicable,not_observed,not_observed,not_applicable,not_observed,not_observed,not_applicable,present,heading_or_summary,ambiguous,present,linked_pdf,ambiguous,present,heading_or_summary,ambiguous,not_observed,not_observed,not_applicable,not_observed,0,0.7143,1,0,0,1,1,0,0,JR0032,WVRUN_001,CR041,STRUN_001,SD0068,https://www.uninettunouniversity.net/it/culture-linguaggi-e-strategie-per-la-comunicazione-nell-era-digitale.aspx,artifacts/journeys/J032_C032_culture-linguaggi-e-strategie-per-la-comunicazione-nell-era-digi/source/SD0068.html,,validated,,0,0,0,0,1,0,0,0
definitive,sample_v1,2026-05-07,,UNI17,Università della Calabria,Sud,statale,Rende (CS),https://www.unical.it/,https://www.unical.it/didattica/offerta-formativa/,C033,Comunicazione e DAMS,L-3/L-20,,https://corsi.unical.it/lt-lmcu/comunicazione-e-dams/cds/corso/?lang=it,https://corsi.unical.it/lt-lmcu/comunicazione-e-dams/cds/corso/?lang=it,unical_course_portal,0,https://www.unical.it/,https://corsi.unical.it/lt-lmcu/comunicazione-e-dams/cds/corso/?lang=it,1,3,31,programmes_hub,CR029 2026-04-23; 3 actions via homepage Didattica mega-menu > Offerta Formativa > anno di immatricolazione 2025/2026 filter > generated /storage/cds/52558/ course details page for Comunicazione e DAMS. The new 2026/2027 brochure shortcut /lt-lmcu/comunicazione-e-dams currently returns 404 while the source-layer corsi.unical.it page remains live.,1,,3,0,1,0,0,1,1,0,1,1,5,0.625,Il Corso - COMUNICAZIONE E DAMS - Corsi di Laurea,3,1,1,0,0,0,non_indexable,"""Comunicazione e DAMS"" ""Università della Calabria""",1,Comunicazione e DAMS UniCal,1,1,0,,1,1,1,1,1,1,1.0,0,CR042,1,0,1,0,0,2,0,1,4,9,api_primary,standard,WVRUN_001,0.43,0.95,1,0.58,mobile,CR034,present,ambiguous,ambiguous,present,heading_or_summary,ambiguous,present,heading_or_summary,ambiguous,present,heading_or_summary,ambiguous,present,linked_official_page,ambiguous,present,linked_official_page,ambiguous,present,external_official_portal,ambiguous,present,table,ambiguous,present,heading_or_summary,ambiguous,not_observed,not_observed,not_applicable,not_observed,not_observed,not_applicable,not_observed,not_observed,not_applicable,present,ambiguous,ambiguous,present,heading_or_summary,ambiguous,present,heading_or_summary,ambiguous,present,linked_pdf,ambiguous,not_observed,not_observed,not_applicable,not_observed,not_observed,not_applicable,not_observed,0,0.5714,1,1,0,0,1,0,0,JR0033,WVRUN_001,CR042,STRUN_001,SD0071,https://corsi.unical.it/lt-lmcu/comunicazione-e-dams/cds/corso/?lang=it,artifacts/journeys/J033_C033_comunicazione-e-dams/source/SD0071.html,,validated,,0,0,0,0,1,0,0,0
definitive,sample_v1,2026-05-07,,UNI17,Università della Calabria,Sud,statale,Rende (CS),https://www.unical.it/,https://www.unical.it/didattica/offerta-formativa/,C034,Linguaggi della comunicazione e dello spettacolo,LM-92,,https://corsi.unical.it/lm/linguaggi-della-comunicazione-e-dello-spettacolo/,https://corsi.unical.it/lm/linguaggi-della-comunicazione-e-dello-spettacolo/,unical_course_portal,0,https://www.unical.it/,https://corsi.unical.it/lm/linguaggi-della-comunicazione-e-dello-spettacolo/,1,3,31,programmes_hub,CR030 2026-04-23; 3 actions via homepage Didattica mega-menu > Offerta Formativa > anno di immatricolazione 2025/2026 filter > generated /storage/cds/45755/ course details page for Linguaggi della comunicazione e dello spettacolo. The separate corsi.unical.it page remains live in the source layer; the current 2025 listing identifies the course as interclass LM-65/LM-92.,1,,3,0,1,1,0,1,1,0,1,1,6,0.75,LINGUAGGI DELLA COMUNICAZIONE E DELLO SPETTACOLO - Corsi di Laurea,3,1,1,0,0,0,indexable,"""Linguaggi della comunicazione e dello spettacolo"" ""Università della Calabria""",1,Linguaggi della comunicazione e dello spettacolo UniCal,1,1,0,,1,1,1,1,1,1,1.0,0,CR042,1,0,1,0,0,9,0,1,10,22,api_primary,standard,WVRUN_001,0.4,0.93,0.96,0.92,mobile,CR034,present,ambiguous,ambiguous,present,heading_or_summary,ambiguous,present,heading_or_summary,ambiguous,present,heading_or_summary,ambiguous,present,heading_or_summary,ambiguous,present,heading_or_summary,ambiguous,present,external_official_portal,ambiguous,not_observed,not_observed,not_applicable,present,heading_or_summary,ambiguous,not_observed,not_observed,not_applicable,present,heading_or_summary,ambiguous,not_observed,not_observed,not_applicable,present,ambiguous,ambiguous,present,linked_official_page,ambiguous,present,heading_or_summary,ambiguous,not_observed,not_observed,not_applicable,not_observed,not_observed,not_applicable,not_observed,not_observed,not_applicable,not_observed,0,0.7143,1,1,0,1,1,0,0,JR0034,WVRUN_001,CR042,STRUN_001,SD0072,https://corsi.unical.it/lm/linguaggi-della-comunicazione-e-dello-spettacolo/,artifacts/journeys/J034_C034_linguaggi-della-comunicazione-e-dello-spettacolo/source/SD0072.html,,validated,,0,0,0,1,1,0,0,0
definitive,sample_v1,2026-05-07,,UNI18,"Università degli Studi di Napoli ""Federico II""",Sud,statale,Napoli,https://www.unina.it/,https://www.unina.it/it/didattica/offerta-formativa,C035,Culture digitali e della comunicazione,L-40,,https://www.corsi.unina.it/D27/home,https://www.corsi.unina.it/D27/home,unina_course_portal,1,https://www.unina.it/,https://www.corsi.unina.it/D27/home,0,blocked,blocked,failed,"CR030 2026-04-23; blocked_js with 0 clicks. Current shell observation: homepage https://www.unina.it/ and normalized hub /it/didattica/offerta-formativa both return HTTP 403, while target /D27/home remains a JS-only shell. Separate course-details API evidence collected in the same session indicates D27 is in esaurimento and points to an external department page.",0,,2,blocked,0,1,0,1,1,0,1,1,5,0.625,Corsi di Studio | Unina.it,2,0,0,0,0,0,indexable,"""Culture digitali e della comunicazione"" ""Università degli Studi di Napoli Federico II""",1,Culture digitali e della comunicazione Unina,1,1,0,,1,1,1,1,1,1,1.0,0,CR035,1,0,0,0,0,3,0,2,19,2,browser_fallback,reduced,WVRUN_browser_001,0.42,0.92,0.96,0.92,mobile,CR034,present,ambiguous,ambiguous,present,heading_or_summary,ambiguous,present,heading_or_summary,ambiguous,present,ambiguous,ambiguous,present,heading_or_summary,ambiguous,present,heading_or_summary,ambiguous,present,heading_or_summary,ambiguous,present,heading_or_summary,ambiguous,present,linked_official_page,ambiguous,present,linked_official_page,ambiguous,not_observed,not_observed,not_applicable,not_observed,not_observed,not_applicable,present,ambiguous,ambiguous,present,ambiguous,ambiguous,present,heading_or_summary,ambiguous,present,heading_or_summary,ambiguous,present,heading_or_summary,ambiguous,not_observed,not_observed,not_applicable,not_observed,0,0.7143,1,0,0,1,1,0,0,JR0035,WVRUN_browser_001,CR035,STRUN_001,SD0076,https://www.corsi.unina.it/D27/home,artifacts/journeys/J035_C035_culture-digitali-e-della-comunicazione/source/SD0076.html,,checked,,1,0,0,1,1,0,0,1
definitive,sample_v1,2026-05-07,,UNI18,"Università degli Studi di Napoli ""Federico II""",Sud,statale,Napoli,https://www.unina.it/,https://www.unina.it/it/didattica/offerta-formativa,C036,"Digital Society, Social Innovation and Global Citizenship",LM-92,,https://www.corsi.unina.it/DA2/home,https://www.corsi.unina.it/DA2/home,unina_course_portal,1,https://www.unina.it/,https://www.corsi.unina.it/DA2/home,0,blocked,blocked,failed,"CR030 2026-04-23; blocked_js with 0 clicks. Current shell observation: homepage https://www.unina.it/ and normalized hub /it/didattica/offerta-formativa both return HTTP 403, while target /DA2/home remains a JS-only shell. Separate course-details API evidence collected in the same session indicates DA2 is active, but the homepage-to-course journey is not reproducible.",0,,2,blocked,0,0,0,1,1,0,1,1,4,0.5,Corsi di Studio | Unina.it,2,0,0,0,0,0,indexable,"""Digital Society, Social Innovation and Global Citizenship"" ""Università degli Studi di Napoli Federico II""",1,"Digital Society, Social Innovation and Global Citizenship Unina",3,1,0,,1,1,1,1,1,1,1.0,0,CR042,1,0,0,0,0,3,0,2,19,2,browser_fallback,reduced,WVRUN_browser_001,0.29,0.92,0.96,0.92,mobile,CR034,present,ambiguous,ambiguous,present,heading_or_summary,ambiguous,present,heading_or_summary,ambiguous,not_observed,not_observed,not_applicable,present,heading_or_summary,ambiguous,not_observed,not_observed,not_applicable,present,heading_or_summary,ambiguous,present,heading_or_summary,ambiguous,present,linked_official_page,ambiguous,not_observed,not_observed,not_applicable,not_observed,not_observed,not_applicable,not_observed,not_observed,not_applicable,present,ambiguous,ambiguous,present,ambiguous,ambiguous,present,heading_or_summary,ambiguous,present,heading_or_summary,ambiguous,present,heading_or_summary,ambiguous,not_observed,not_observed,not_applicable,not_observed,0,0.5714,1,0,0,0,1,0,0,JR0036,WVRUN_browser_001,CR042,STRUN_001,SD0077,https://www.corsi.unina.it/DA2/home,artifacts/journeys/J036_C036_digital-society-social-innovation-and-global-citizenship/source/SD0077.html,,checked,,1,0,0,1,1,0,0,1
definitive,sample_v1,2026-05-07,,UNI19,Università degli Studi di Bergamo,Nord,statale,Bergamo,https://www.unibg.it/,https://www.unibg.it/studiare/corsi,C037,Scienze della Comunicazione,L-20,,https://www.unibg.it/studiare/corsi/offertaformativa/scienze-comunicazione,https://www.unibg.it/studiare/corsi/offertaformativa/scienze-comunicazione,unibg_course_site,0,https://www.unibg.it/,https://www.unibg.it/studiare/corsi/offertaformativa/scienze-comunicazione,1,2,24,onsite_search,CR031 2026-04-23; 2 actions via homepage 'Cerca il tuo corso' form > server-rendered offerta-formativa result > direct Scienze della Comunicazione card.,1,,3,1,1,1,1,1,1,1,1,0,7,0.875,[92-R] SCIENZE DELLA COMUNICAZIONE | Università degli studi di Bergamo,3,0,0,1,0,0,indexable,"""Scienze della Comunicazione"" ""Università degli Studi di Bergamo""",2,Scienze della Comunicazione UniBg,2,1,0,,1,1,1,1,1,1,2.0,0,CR042,1,1,1,1,3,0,0,0,0,7,api_primary,standard,WVRUN_001,0.77,0.96,0.96,0.92,mobile,CR034,present,ambiguous,ambiguous,present,heading_or_summary,ambiguous,present,heading_or_summary,ambiguous,present,heading_or_summary,ambiguous,present,heading_or_summary,ambiguous,present,heading_or_summary,ambiguous,present,heading_or_summary,ambiguous,present,heading_or_summary,ambiguous,present,heading_or_summary,ambiguous,present,heading_or_summary,ambiguous,present,linked_official_page,ambiguous,present,linked_official_page,ambiguous,present,linked_official_page,ambiguous,not_observed,not_observed,not_applicable,present,heading_or_summary,ambiguous,present,ambiguous,ambiguous,not_observed,not_observed,not_applicable,present,linked_official_page,ambiguous,not_observed,1,1.0,1,1,0,1,1,0,0,JR0037,WVRUN_001,CR042,STRUN_001,SD0080,https://www.unibg.it/studiare/corsi/offertaformativa/scienze-comunicazione,artifacts/journeys/J037_C037_scienze-della-comunicazione/source/SD0080.html,,validated,,0,1,0,0,0,0,0,0
definitive,sample_v1,2026-05-07,,UNI19,Università degli Studi di Bergamo,Nord,statale,Bergamo,https://www.unibg.it/,https://www.unibg.it/studiare/corsi,C038,Valorizzazione del patrimonio culturale materiale e immateriale,LM-5/LM-92,,https://ls-vpcm.unibg.it/it,https://ls-vpcm.unibg.it/it,unibg_course_site,0,https://www.unibg.it/,https://ls-vpcm.unibg.it/it,1,3,34,mixed,CR031 2026-04-23; 3 actions via homepage 'Cerca il tuo corso' form > server-rendered offerta-formativa result > UniBg detail-page CTA 'Sito del corso' to ls-vpcm. The unfiltered magistrali listing pages /studiare/corsi/magistrali pages 1-3 do not currently expose this course.,0,,3,1,1,1,0,0,1,0,1,0,4,0.5,Valorizzazione del Patrimonio Culturale Materiale e Immateriale | UniBG,2,0,0,1,0,0,indexable,"""Valorizzazione del patrimonio culturale materiale e immateriale"" ""Università degli Studi di Bergamo""",2,Valorizzazione del patrimonio culturale materiale e immateriale UniBg,2,1,0,,1,1,1,1,1,2,2.0,0,CR042,1,1,0,1,1,0,0,0,4,9,api_primary,standard,WVRUN_001,0.67,0.82,0.96,0.85,mobile,CR034,present,ambiguous,ambiguous,present,heading_or_summary,ambiguous,not_observed,not_observed,not_applicable,present,heading_or_summary,ambiguous,not_observed,not_observed,not_applicable,not_observed,not_observed,not_applicable,not_observed,not_observed,not_applicable,not_observed,not_observed,not_applicable,present,linked_official_page,ambiguous,present,linked_official_page,ambiguous,not_observed,not_observed,not_applicable,not_observed,not_observed,not_applicable,not_observed,not_observed,not_applicable,not_observed,not_observed,not_applicable,present,heading_or_summary,ambiguous,not_observed,not_observed,not_applicable,not_observed,not_observed,not_applicable,not_observed,not_observed,not_applicable,not_observed,0,0.7143,1,0,0,1,1,0,0,JR0038,WVRUN_001,CR042,STRUN_001,SD0081,https://ls-vpcm.unibg.it/it,artifacts/journeys/J038_C038_valorizzazione-del-patrimonio-culturale-materiale-e-immateriale/source/SD0081.html,,validated,,0,0,0,1,0,0,0,0
definitive,sample_v1,2026-05-07,,UNI20,Università degli Studi di Trento,Nord,statale,Trento,https://www.unitn.it/,https://www.unitn.it/it/corsi,C039,Beni culturali,L-1,,https://corsi.unitn.it/it/beni-culturali,https://corsi.unitn.it/it/beni-culturali,unitn_course_site,0,https://www.unitn.it/,https://corsi.unitn.it/it/beni-culturali,1,2,19,programmes_hub,CR031 2026-04-23; 2 clicks via homepage Studiare/Corsi navigation entry > direct Beni culturali card on the server-rendered /it/corsi listing.,0,,2,0,1,1,1,1,1,0,1,0,6,0.75,Beni culturali | UniTrento,2,0,0,1,0,0,indexable,"""Beni culturali"" ""Università degli Studi di Trento""",1,Beni culturali UniTrento,1,1,0,,1,1,1,1,1,1,1.0,0,CR043,1,1,1,1,1,0,0,0,4,2,api_primary,standard,WVRUN_001,0.67,0.94,0.96,0.92,mobile,CR034,present,ambiguous,ambiguous,present,heading_or_summary,ambiguous,present,heading_or_summary,ambiguous,present,heading_or_summary,ambiguous,present,heading_or_summary,ambiguous,not_observed,not_observed,not_applicable,not_observed,not_observed,not_applicable,present,heading_or_summary,ambiguous,present,heading_or_summary,ambiguous,present,linked_official_page,ambiguous,present,heading_or_summary,ambiguous,present,heading_or_summary,ambiguous,present,external_official_portal,ambiguous,not_observed,not_observed,not_applicable,present,heading_or_summary,ambiguous,not_observed,not_observed,not_applicable,not_observed,not_observed,not_applicable,not_observed,not_observed,not_applicable,not_observed,1,1.0,1,1,0,1,1,0,0,JR0039,WVRUN_001,CR043,STRUN_001,SD0084,https://corsi.unitn.it/it/beni-culturali,artifacts/journeys/J039_C039_beni-culturali/source/SD0084.html,,validated,,0,0,0,0,0,0,0,0
definitive,sample_v1,2026-05-07,,UNI20,Università degli Studi di Trento,Nord,statale,Trento,https://www.unitn.it/,https://www.unitn.it/it/corsi,C040,"Organizzazione, società e tecnologia",LM-88,,https://corsi.unitn.it/it/organizzazione-societa-e-tecnologia,https://corsi.unitn.it/it/organizzazione-societa-e-tecnologia,unitn_course_site,0,https://www.unitn.it/,https://corsi.unitn.it/it/organizzazione-societa-e-tecnologia,0,blocked,blocked,failed,"CR032 2026-04-23; blocked_js after homepage > Corsi. The canonical target https://corsi.unitn.it/it/organizzazione-societa-e-tecnologia is live, but it is not exposed in the currently accessible server-rendered listing chunks, while institutional search resolves only to an internal node/PDF page and the homepage search app is JS-rendered.",0,,2,blocked,1,1,1,1,1,0,1,0,6,0.75,"Organizzazione, società e tecnologia | UniTrento",2,0,0,1,0,0,indexable,"""Organizzazione, società e tecnologia"" ""Università degli Studi di Trento""",2,"Organizzazione, società e tecnologia UniTrento",1,1,0,,1,1,1,1,1,1,1.0,0,CR043,1,1,1,1,1,0,0,0,4,0,api_primary,standard,WVRUN_001,0.7,0.94,0.96,0.92,mobile,CR034,present,ambiguous,ambiguous,present,heading_or_summary,ambiguous,present,heading_or_summary,ambiguous,present,heading_or_summary,ambiguous,present,heading_or_summary,ambiguous,not_observed,not_observed,not_applicable,not_observed,not_observed,not_applicable,present,heading_or_summary,ambiguous,present,heading_or_summary,ambiguous,not_observed,not_observed,not_applicable,present,heading_or_summary,ambiguous,present,heading_or_summary,ambiguous,present,external_official_portal,ambiguous,not_observed,not_observed,not_applicable,present,heading_or_summary,ambiguous,not_observed,not_observed,not_applicable,not_observed,not_observed,not_applicable,not_observed,not_observed,not_applicable,not_observed,0,0.8571,1,1,0,1,1,0,0,JR0040,WVRUN_001,CR043,STRUN_001,SD0085,https://corsi.unitn.it/it/organizzazione-societa-e-tecnologia,artifacts/journeys/J040_C040_organizzazione-societa-e-tecnologia/source/SD0085.html,,checked,,1,0,0,0,0,0,0,0
definitive,sample_v1,2026-05-07,,UNI20,Università degli Studi di Trento,Nord,statale,Trento,https://www.unitn.it/,https://www.unitn.it/it/corsi,C041,Giurisprudenza,LMG/01,,https://corsi.unitn.it/it/giurisprudenza,https://corsi.unitn.it/it/giurisprudenza,unitn_course_site,0,https://www.unitn.it/,https://corsi.unitn.it/it/giurisprudenza,1,2,23,programmes_hub,CR032 2026-04-23; 2 clicks via homepage Studiare/Corsi navigation entry > direct Giurisprudenza card on the server-rendered /it/corsi listing.,0,,2,0,1,1,1,1,1,1,1,1,8,1.0,Giurisprudenza | UniTrento,2,0,0,1,0,0,indexable,"""Giurisprudenza"" ""Università degli Studi di Trento""",2,Giurisprudenza corso UniTrento,1,1,0,,1,1,1,1,1,1,1.0,0,CR043,1,1,1,1,1,0,0,0,4,2,api_primary,standard,WVRUN_001,0.7,0.95,0.96,0.92,mobile,CR034,present,ambiguous,ambiguous,present,heading_or_summary,ambiguous,present,heading_or_summary,ambiguous,present,heading_or_summary,ambiguous,present,heading_or_summary,ambiguous,not_observed,not_observed,not_applicable,present,heading_or_summary,ambiguous,present,heading_or_summary,ambiguous,present,heading_or_summary,ambiguous,present,linked_official_page,ambiguous,present,heading_or_summary,ambiguous,present,heading_or_summary,ambiguous,present,external_official_portal,ambiguous,present,heading_or_summary,ambiguous,present,heading_or_summary,ambiguous,not_observed,not_observed,not_applicable,not_observed,not_observed,not_applicable,not_observed,not_observed,not_applicable,not_observed,1,1.0,1,1,0,1,1,0,0,JR0041,WVRUN_001,CR043,STRUN_001,SD0086,https://corsi.unitn.it/it/giurisprudenza,artifacts/journeys/J041_C041_giurisprudenza/source/SD0086.html,,validated,,0,0,0,0,0,0,0,0
