journey_event_id,journey_id,journey_run_id,university_id,sample_course_id,attempt_number,run_role,use_for_matrix,collection_mode,observer_or_agent_id,event_sequence,event_timestamp,event_type,source_page_url,target_page_url,source_page_type,target_page_type,interaction_label,interaction_locator,onsite_search_query,filter_name,filter_value,clicked_result_rank,click_count_cumulative,backtrack_count_cumulative,elapsed_seconds_from_start,js_render_mode,js_dependency_observed,run_outcome,screenshot_path,dom_snapshot_path,provenance_tool,notes
JE000001,J001,JR0001,UNI01,C001,1,primary_orientation,1,hybrid,codex_desktop,1,2026-04-07T14:46:11+02:00,run_start,,https://www.unibo.it/,,homepage,,,,,,,0,0,0,manual_observation,low,pending,,,shell_curl_live_obs,start from homepage; secondary search path selected for live journey collection
JE000002,J001,JR0001,UNI01,C001,1,primary_orientation,1,hybrid,codex_desktop,2,2026-04-07T14:46:19+02:00,search_submit,https://www.unibo.it/,https://www.unibo.it/UniboWeb/UniboSearch/results.aspx?query=Scienze%20della%20comunicazione&page=1,homepage,search_results,,,Scienze della comunicazione,,,,0,0,8,manual_observation,low,pending,,,shell_curl_live_obs,global site search submit from homepage
JE000003,J001,JR0001,UNI01,C001,1,primary_orientation,1,hybrid,codex_desktop,3,2026-04-07T14:46:26+02:00,filter_apply,https://www.unibo.it/UniboWeb/UniboSearch/results.aspx?query=Scienze%20della%20comunicazione&page=1,https://www.unibo.it/UniboWeb/UniboSearch/results.aspx?query=Scienze%20della%20comunicazione&filter=resourcetype%3aSchedaCorso&page=1,search_results,search_results,,,,resource_type,SchedaCorso,,1,0,15,manual_observation,low,pending,,,shell_curl_live_obs,results refined to course cards
JE000004,J001,JR0001,UNI01,C001,1,primary_orientation,1,hybrid,codex_desktop,4,2026-04-07T14:46:35+02:00,search_result_click,https://www.unibo.it/UniboWeb/UniboSearch/results.aspx?query=Scienze%20della%20comunicazione&filter=resourcetype%3aSchedaCorso&page=1,https://www.unibo.it/it/studiare/lauree-e-lauree-magistrali-a-ciclo-unico/corso/2025/6620,search_results,course_page,Scienze della comunicazione -- Universita di Bologna,,,,,1,2,0,24,manual_observation,low,pending,,,shell_curl_live_obs,first visible filtered result selected
JE000005,J001,JR0001,UNI01,C001,1,primary_orientation,1,hybrid,codex_desktop,5,2026-04-07T14:46:42+02:00,click,https://www.unibo.it/it/studiare/lauree-e-lauree-magistrali-a-ciclo-unico/corso/2025/6620,https://corsi.unibo.it/laurea/ScienzeComunicazione,course_page,course_page,Sito web del corso,,,,,,3,0,31,manual_observation,low,pending,,,shell_curl_live_obs,CTA from ateneo course card to dedicated course site
JE000006,J001,JR0001,UNI01,C001,1,primary_orientation,1,hybrid,codex_desktop,6,2026-04-07T14:46:46+02:00,run_end,https://corsi.unibo.it/laurea/ScienzeComunicazione,https://corsi.unibo.it/laurea/ScienzeComunicazione,course_page,course_page,,,,,,,3,0,35,manual_observation,low,success,,,shell_curl_live_obs,"target course page reached via homepage search, filter and course-card CTA"
JE000007,J005,JR0002,UNI03,C005,1,primary_orientation,1,hybrid,codex_desktop,1,2026-04-07T14:47:00+02:00,run_start,,https://www.unipi.it/,,homepage,,,,,,,0,0,0,manual_observation,low,pending,,,shell_curl_live_obs,start from homepage; global site search available on homepage
JE000008,J005,JR0002,UNI03,C005,1,primary_orientation,1,hybrid,codex_desktop,2,2026-04-07T14:47:07+02:00,search_submit,https://www.unipi.it/,https://www.unipi.it/?s=Discipline+dello+spettacolo+e+della+comunicazione,homepage,search_results,,,Discipline dello spettacolo e della comunicazione,,,,0,0,7,manual_observation,low,pending,,,shell_curl_live_obs,homepage search submit
JE000009,J005,JR0002,UNI03,C005,1,primary_orientation,1,hybrid,codex_desktop,3,2026-04-07T14:47:15+02:00,search_result_click,https://www.unipi.it/?s=Discipline+dello+spettacolo+e+della+comunicazione,https://www.unipi.it/didattica/corsi/lauree-triennali-ciclo-unico/discipline-dello-spettacolo-e-della-comunicazione-dscr-l/,search_results,course_page,Discipline dello spettacolo e della comunicazione,,,,,1,1,0,15,manual_observation,low,pending,,,shell_curl_live_obs,first visible result selected; result URL ?my_cds_slug resolves to canonical course page
JE000010,J005,JR0002,UNI03,C005,1,primary_orientation,1,hybrid,codex_desktop,4,2026-04-07T14:47:20+02:00,run_end,https://www.unipi.it/didattica/corsi/lauree-triennali-ciclo-unico/discipline-dello-spettacolo-e-della-comunicazione-dscr-l/,https://www.unipi.it/didattica/corsi/lauree-triennali-ciclo-unico/discipline-dello-spettacolo-e-della-comunicazione-dscr-l/,course_page,course_page,,,,,,,1,0,20,manual_observation,low,success,,,shell_curl_live_obs,target course page reached via homepage search result
JE000011,J006,JR0003,UNI03,C006,1,primary_orientation,1,hybrid,codex_desktop,1,2026-04-07T14:47:31+02:00,run_start,,https://www.unipi.it/,,homepage,,,,,,,0,0,0,manual_observation,low,pending,,,shell_curl_live_obs,start from homepage; global site search available on homepage
JE000012,J006,JR0003,UNI03,C006,1,primary_orientation,1,hybrid,codex_desktop,2,2026-04-07T14:47:38+02:00,search_submit,https://www.unipi.it/,"https://www.unipi.it/?s=Comunicazione,+Media,+Tecnologie",homepage,search_results,,,"Comunicazione, Media, Tecnologie",,,,0,0,7,manual_observation,low,pending,,,shell_curl_live_obs,homepage search submit
JE000013,J006,JR0003,UNI03,C006,1,primary_orientation,1,hybrid,codex_desktop,3,2026-04-07T14:47:46+02:00,search_result_click,"https://www.unipi.it/?s=Comunicazione,+Media,+Tecnologie",https://www.unipi.it/didattica/corsi/lauree-magistrali/comunicazione-media-tecnologie-wcm-lm/,search_results,course_page,"Comunicazione, media, tecnologie",,,,,1,1,0,15,manual_observation,low,pending,,,shell_curl_live_obs,first visible result selected; canonical target confirmed on lauree-magistrali path
JE000014,J006,JR0003,UNI03,C006,1,primary_orientation,1,hybrid,codex_desktop,4,2026-04-07T14:47:52+02:00,run_end,https://www.unipi.it/didattica/corsi/lauree-magistrali/comunicazione-media-tecnologie-wcm-lm/,https://www.unipi.it/didattica/corsi/lauree-magistrali/comunicazione-media-tecnologie-wcm-lm/,course_page,course_page,,,,,,,1,0,21,manual_observation,low,success,,,shell_curl_live_obs,target course page reached via homepage search result; canonical target updated from historic lauree-triennali-ciclo-unico path
JE000015,J002,JR0004,UNI01,C002,1,primary_orientation,1,hybrid,codex_desktop,1,2026-04-20T10:10:00+02:00,run_start,,https://www.unibo.it/,,homepage,,,,,,,0,0,0,manual_observation,medium,pending,,,shell_curl_live_obs,start from homepage; primary path: nav Studiare > Lauree magistrali; Cineca Angular hub expected
JE000016,J002,JR0004,UNI01,C002,1,primary_orientation,1,hybrid,codex_desktop,2,2026-04-20T10:10:08+02:00,click,https://www.unibo.it/,https://www.unibo.it/it/studiare,homepage,programmes_hub,Studiare,,,,,,1,0,8,manual_observation,medium,pending,,,shell_curl_live_obs,global header navigation link
JE000017,J002,JR0004,UNI01,C002,1,primary_orientation,1,hybrid,codex_desktop,3,2026-04-20T10:10:16+02:00,click,https://www.unibo.it/it/studiare,https://www.unibo.it/it/studiare/lauree-e-lauree-magistrali-a-ciclo-unico,programmes_hub,intermediate_navigation,Lauree magistrali,,,,,,2,0,16,manual_observation,medium,pending,,,shell_curl_live_obs,subnav link; target page hosts Cineca Angular course listing widget
JE000018,J002,JR0004,UNI01,C002,1,primary_orientation,1,hybrid,codex_desktop,4,2026-04-20T10:10:40+02:00,dead_end,https://www.unibo.it/it/studiare/lauree-e-lauree-magistrali-a-ciclo-unico,https://www.unibo.it/it/studiare/lauree-e-lauree-magistrali-a-ciclo-unico,intermediate_navigation,intermediate_navigation,,,,,,,2,0,40,manual_observation,medium,pending,,,shell_curl_live_obs,Cineca Angular app (unibo.u-web.cineca.it) renders course listing; no course cards in static HTML; Semiotica magistrale not findable without JS
JE000019,J002,JR0004,UNI01,C002,1,primary_orientation,1,hybrid,codex_desktop,5,2026-04-20T10:10:45+02:00,run_end,https://www.unibo.it/it/studiare/lauree-e-lauree-magistrali-a-ciclo-unico,https://www.unibo.it/it/studiare/lauree-e-lauree-magistrali-a-ciclo-unico,intermediate_navigation,intermediate_navigation,,,,,,,2,0,45,manual_observation,medium,blocked_js,,,shell_curl_live_obs,target URL confirmed live (SD0004) but not reachable via internal nav without JS; Cineca Angular hub requires JS execution
JE000020,J003,JR0005,UNI02,C003,1,primary_orientation,1,hybrid,codex_desktop,1,2026-04-20T10:11:00+02:00,run_start,,https://www.unipd.it/,,homepage,,,,,,,0,0,0,manual_observation,medium,pending,,,shell_curl_live_obs,start from homepage; primary path: nav Corsi; Next.js/React platform (platform migration confirmed)
JE000021,J003,JR0005,UNI02,C003,1,primary_orientation,1,hybrid,codex_desktop,2,2026-04-20T10:11:08+02:00,click,https://www.unipd.it/,https://www.unipd.it/corsi-di-laurea,homepage,programmes_hub,Corsi,,,,,,1,0,8,manual_observation,medium,pending,,,shell_curl_live_obs,nav link in header; /corsi redirects to /corsi-di-laurea (Next.js shell)
JE000022,J003,JR0005,UNI02,C003,1,primary_orientation,1,hybrid,codex_desktop,3,2026-04-20T10:11:38+02:00,dead_end,https://www.unipd.it/corsi-di-laurea,https://www.unipd.it/corsi-di-laurea,programmes_hub,programmes_hub,,,,,,,1,0,38,manual_observation,medium,pending,,,shell_curl_live_obs,Next.js/React client-side rendering; course listing not accessible via static HTML; robots.txt Disallow: *; no course items in static source
JE000023,J003,JR0005,UNI02,C003,1,primary_orientation,1,hybrid,codex_desktop,4,2026-04-20T10:11:44+02:00,run_end,https://www.unipd.it/corsi-di-laurea,https://www.unipd.it/corsi-di-laurea,programmes_hub,programmes_hub,,,,,,,1,0,44,manual_observation,medium,blocked_js,,,shell_curl_live_obs,new canonical target /corsi-di-laurea/comunicazione confirmed (SD0089) but not reachable via internal navigation without JS; blocked_js
JE000024,J004,JR0006,UNI02,C004,1,primary_orientation,1,hybrid,codex_desktop,1,2026-04-20T10:12:00+02:00,run_start,,https://www.unipd.it/,,homepage,,,,,,,0,0,0,manual_observation,medium,pending,,,shell_curl_live_obs,start from homepage; same Next.js/React platform as J003; magistrale course target unknown
JE000025,J004,JR0006,UNI02,C004,1,primary_orientation,1,hybrid,codex_desktop,2,2026-04-20T10:12:08+02:00,click,https://www.unipd.it/,https://www.unipd.it/corsi-di-laurea,homepage,programmes_hub,Corsi,,,,,,1,0,8,manual_observation,medium,pending,,,shell_curl_live_obs,nav link; /corsi -> /corsi-di-laurea; same platform as J003
JE000026,J004,JR0006,UNI02,C004,1,primary_orientation,1,hybrid,codex_desktop,3,2026-04-20T10:12:38+02:00,dead_end,https://www.unipd.it/corsi-di-laurea,https://www.unipd.it/corsi-di-laurea,programmes_hub,programmes_hub,,,,,,,1,0,38,manual_observation,medium,pending,,,shell_curl_live_obs,same JS dead_end as J003; magistrale listing client-side; slug /corsi-di-laurea-magistrale/strategie-di-comunicazione -> 308 -> homepage; target URL for C004 not determinable without browser
JE000027,J004,JR0006,UNI02,C004,1,primary_orientation,1,hybrid,codex_desktop,4,2026-04-20T10:12:44+02:00,run_end,https://www.unipd.it/corsi-di-laurea,https://www.unipd.it/corsi-di-laurea,programmes_hub,programmes_hub,,,,,,,1,0,44,manual_observation,medium,blocked_js,,,shell_curl_live_obs,target URL for Strategie di comunicazione not determinable without JS; all slug variations -> 308 -> homepage; course_page_url in master remains old unverifiable seed; blocked_js
JE000028,J007,JR0007,UNI04,C007,1,primary_orientation,1,hybrid,codex_desktop,1,2026-04-21T16:50:00+02:00,run_start,,https://www.unifi.it/,,homepage,,,,,,,0,0,0,manual_observation,low,pending,,,shell_curl_live_obs,start from homepage; primary path: homepage > Corsi di laurea hub > triennali listing > internal course search
JE000029,J007,JR0007,UNI04,C007,1,primary_orientation,1,hybrid,codex_desktop,2,2026-04-21T16:50:08+02:00,click,https://www.unifi.it/,https://www.unifi.it/it/studia-con-noi/corsi-di-laurea,homepage,programmes_hub,Corsi di laurea,,,,,,1,0,8,manual_observation,low,pending,,,shell_curl_live_obs,homepage mega-menu link under Studia con noi
JE000030,J007,JR0007,UNI04,C007,1,primary_orientation,1,hybrid,codex_desktop,3,2026-04-21T16:50:15+02:00,click,https://www.unifi.it/it/studia-con-noi/corsi-di-laurea,https://www.unifi.it/it/studia-con-noi/corsi-di-laurea/corsi-di-laurea-triennali-e-ciclo-unico,programmes_hub,intermediate_navigation,Vai all'elenco,,,,,,2,0,15,manual_observation,low,pending,,,shell_curl_live_obs,hub card CTA to triennali e ciclo unico listing
JE000031,J007,JR0007,UNI04,C007,1,primary_orientation,1,hybrid,codex_desktop,4,2026-04-21T16:50:24+02:00,search_submit,https://www.unifi.it/it/studia-con-noi/corsi-di-laurea/corsi-di-laurea-triennali-e-ciclo-unico,https://www.unifi.it/it/studia-con-noi/corsi-di-laurea/corsi-di-laurea-triennali-e-ciclo-unico?field_system_value=Scienze+Umanistiche+per+la+Comunicazione,intermediate_navigation,search_results,,,Scienze Umanistiche per la Comunicazione,,,,2,0,24,manual_observation,low,pending,,,shell_curl_live_obs,listing exposed search form submitted on Nome del corso
JE000032,J007,JR0007,UNI04,C007,1,primary_orientation,1,hybrid,codex_desktop,5,2026-04-21T16:50:30+02:00,search_result_click,https://www.unifi.it/it/studia-con-noi/corsi-di-laurea/corsi-di-laurea-triennali-e-ciclo-unico?field_system_value=Scienze+Umanistiche+per+la+Comunicazione,https://www.unifi.it/it/studia-con-noi/corsi-di-laurea/corsi-di-laurea-triennali-e-a-ciclo-unico/scienze-umanistiche-la,search_results,course_page,SCIENZE UMANISTICHE PER LA COMUNICAZIONE,,,,,1,3,0,30,manual_observation,low,pending,,,shell_curl_live_obs,filtered single-result card selected; official internal link uses UniFi alias slug
JE000033,J007,JR0007,UNI04,C007,1,primary_orientation,1,hybrid,codex_desktop,6,2026-04-21T16:50:34+02:00,run_end,https://www.unifi.it/it/studia-con-noi/corsi-di-laurea/corsi-di-laurea-triennali-e-a-ciclo-unico/scienze-umanistiche-la,https://www.unifi.it/it/studia-con-noi/corsi-di-laurea/corsi-di-laurea-triennali-e-a-ciclo-unico/scienze-umanistiche-la,course_page,course_page,,,,,,,3,0,34,manual_observation,low,success,,,shell_curl_live_obs,target course page reached via hub browse and listing search; historical seed /it/node/6520 remains live
JE000034,J008,JR0008,UNI04,C008,1,primary_orientation,1,hybrid,codex_desktop,1,2026-04-21T16:51:00+02:00,run_start,,https://www.unifi.it/,,homepage,,,,,,,0,0,0,manual_observation,low,pending,,,shell_curl_live_obs,start from homepage; primary path: homepage > Corsi di laurea hub > magistrali listing > internal course search
JE000035,J008,JR0008,UNI04,C008,1,primary_orientation,1,hybrid,codex_desktop,2,2026-04-21T16:51:07+02:00,click,https://www.unifi.it/,https://www.unifi.it/it/studia-con-noi/corsi-di-laurea,homepage,programmes_hub,Corsi di laurea,,,,,,1,0,7,manual_observation,low,pending,,,shell_curl_live_obs,homepage mega-menu link under Studia con noi
JE000036,J008,JR0008,UNI04,C008,1,primary_orientation,1,hybrid,codex_desktop,3,2026-04-21T16:51:14+02:00,click,https://www.unifi.it/it/studia-con-noi/corsi-di-laurea,https://www.unifi.it/it/studia-con-noi/corsi-di-laurea/corsi-di-laurea-magistrali,programmes_hub,intermediate_navigation,Vai all'elenco,,,,,,2,0,14,manual_observation,low,pending,,,shell_curl_live_obs,hub card CTA to magistrali listing
JE000037,J008,JR0008,UNI04,C008,1,primary_orientation,1,hybrid,codex_desktop,4,2026-04-21T16:51:23+02:00,search_submit,https://www.unifi.it/it/studia-con-noi/corsi-di-laurea/corsi-di-laurea-magistrali,https://www.unifi.it/it/studia-con-noi/corsi-di-laurea/corsi-di-laurea-magistrali?field_system_value=Pratiche%2C+linguaggi+e+culture+della+comunicazione,intermediate_navigation,search_results,,,"Pratiche, linguaggi e culture della comunicazione",,,,2,0,23,manual_observation,low,pending,,,shell_curl_live_obs,listing exposed search form submitted on Nome del corso
JE000038,J008,JR0008,UNI04,C008,1,primary_orientation,1,hybrid,codex_desktop,5,2026-04-21T16:51:30+02:00,search_result_click,https://www.unifi.it/it/studia-con-noi/corsi-di-laurea/corsi-di-laurea-magistrali?field_system_value=Pratiche%2C+linguaggi+e+culture+della+comunicazione,https://www.unifi.it/it/studia-con-noi/corsi-di-laurea/corsi-di-laurea-magistrali/pratiche-linguaggi-e-culture-della,search_results,course_page,"PRATICHE, LINGUAGGI E CULTURE DELLA COMUNICAZIONE",,,,,1,3,0,30,manual_observation,low,pending,,,shell_curl_live_obs,filtered single-result card selected
JE000039,J008,JR0008,UNI04,C008,1,primary_orientation,1,hybrid,codex_desktop,6,2026-04-21T16:51:34+02:00,run_end,https://www.unifi.it/it/studia-con-noi/corsi-di-laurea/corsi-di-laurea-magistrali/pratiche-linguaggi-e-culture-della,https://www.unifi.it/it/studia-con-noi/corsi-di-laurea/corsi-di-laurea-magistrali/pratiche-linguaggi-e-culture-della,course_page,course_page,,,,,,,3,0,34,manual_observation,low,success,,,shell_curl_live_obs,target course page reached via hub browse and magistrali listing search
JE000040,J009,JR0009,UNI05,C009,1,primary_orientation,1,hybrid,codex_desktop,1,2026-04-21T16:52:00+02:00,run_start,,https://www.unisi.it/,,homepage,,,,,,,0,0,0,manual_observation,low,pending,,,shell_curl_live_obs,start from homepage; primary path: homepage > Didattica > Corsi di studio 2025-2026 > U-GOV course sheet > dedicated course site
JE000041,J009,JR0009,UNI05,C009,1,primary_orientation,1,hybrid,codex_desktop,2,2026-04-21T16:52:07+02:00,click,https://www.unisi.it/,https://www.unisi.it/didattica,homepage,programmes_hub,Didattica,,,,,,1,0,7,manual_observation,low,pending,,,shell_curl_live_obs,homepage main navigation link
JE000042,J009,JR0009,UNI05,C009,1,primary_orientation,1,hybrid,codex_desktop,3,2026-04-21T16:52:15+02:00,click,https://www.unisi.it/didattica,https://www.unisi.it/didattica/corsi-di-studio-2025-2026,programmes_hub,intermediate_navigation,Corsi di studio 2025-2026,,,,,,2,0,15,manual_observation,low,pending,,,shell_curl_live_obs,Didattica page link to annual course listing
JE000043,J009,JR0009,UNI05,C009,1,primary_orientation,1,hybrid,codex_desktop,4,2026-04-21T16:52:24+02:00,click,https://www.unisi.it/didattica/corsi-di-studio-2025-2026,https://www.unisi.it/ugov/degree/89917,intermediate_navigation,course_page,[D591] SCIENZE DELLA COMUNICAZIONE,,,,,,3,0,24,manual_observation,low,pending,,,shell_curl_live_obs,course selected from Economia Giurisprudenza Scienze politiche Scienze sociali area grouping
JE000044,J009,JR0009,UNI05,C009,1,primary_orientation,1,hybrid,codex_desktop,5,2026-04-21T16:52:32+02:00,click,https://www.unisi.it/ugov/degree/89917,https://scienze-comunicazione.unisi.it/it,course_page,course_page,Sito web del corso,,,,,,4,0,32,manual_observation,low,pending,,,shell_curl_live_obs,CTA from U-GOV course sheet to dedicated course site; root link resolves to /it
JE000045,J009,JR0009,UNI05,C009,1,primary_orientation,1,hybrid,codex_desktop,6,2026-04-21T16:52:36+02:00,run_end,https://scienze-comunicazione.unisi.it/it,https://scienze-comunicazione.unisi.it/it,course_page,course_page,,,,,,,4,0,36,manual_observation,low,success,,,shell_curl_live_obs,target dedicated course site reached via U-GOV sheet CTA
JE000046,J010,JR0010,UNI05,C010,1,primary_orientation,1,hybrid,codex_desktop,1,2026-04-21T17:05:00+02:00,run_start,,https://www.unisi.it/,,homepage,,,,,,,0,0,0,manual_observation,low,pending,,,shell_curl_live_obs,start from homepage; primary path: homepage > Didattica > Corsi di studio 2025-2026 > current U-GOV course sheet
JE000047,J010,JR0010,UNI05,C010,1,primary_orientation,1,hybrid,codex_desktop,2,2026-04-21T17:05:07+02:00,click,https://www.unisi.it/,https://www.unisi.it/didattica,homepage,programmes_hub,Didattica,,,,,,1,0,7,manual_observation,low,pending,,,shell_curl_live_obs,homepage main navigation link
JE000048,J010,JR0010,UNI05,C010,1,primary_orientation,1,hybrid,codex_desktop,3,2026-04-21T17:05:15+02:00,click,https://www.unisi.it/didattica,https://www.unisi.it/didattica/corsi-di-studio-2025-2026,programmes_hub,intermediate_navigation,Corsi di studio 2025-2026,,,,,,2,0,15,manual_observation,low,pending,,,shell_curl_live_obs,Didattica page link to annual course listing
JE000049,J010,JR0010,UNI05,C010,1,primary_orientation,1,hybrid,codex_desktop,4,2026-04-21T17:05:24+02:00,click,https://www.unisi.it/didattica/corsi-di-studio-2025-2026,https://www.unisi.it/ugov/degree/82714,intermediate_navigation,course_page,[D615] STRATEGIE E TECNICHE DELLA COMUNICAZIONE,,,,,,3,0,24,manual_observation,low,pending,,,shell_curl_live_obs,current active course selected from the 2025-2026 annual listing
JE000050,J010,JR0010,UNI05,C010,1,primary_orientation,1,hybrid,codex_desktop,5,2026-04-21T17:05:30+02:00,run_end,https://www.unisi.it/ugov/degree/82714,https://www.unisi.it/ugov/degree/82714,course_page,course_page,,,,,,,3,0,30,manual_observation,low,success,,,shell_curl_live_obs,current active U-GOV target reached; historical D003 sheet remains live only as provenance
JE000051,J011,JR0011,UNI06,C011,1,primary_orientation,1,hybrid,codex_desktop,1,2026-04-21T17:06:00+02:00,run_start,,https://www.unito.it/,,homepage,,,,,,,0,0,0,manual_observation,low,pending,,,shell_curl_live_obs,start from homepage; primary path: homepage > Didattica > Offerta formativa > Corsi di studio > internal autocomplete > course card
JE000052,J011,JR0011,UNI06,C011,1,primary_orientation,1,hybrid,codex_desktop,2,2026-04-21T17:06:07+02:00,click,https://www.unito.it/,https://www.unito.it/didattica,homepage,programmes_hub,Didattica,,,,,,1,0,7,manual_observation,low,pending,,,shell_curl_live_obs,homepage navigation link
JE000053,J011,JR0011,UNI06,C011,1,primary_orientation,1,hybrid,codex_desktop,3,2026-04-21T17:06:14+02:00,click,https://www.unito.it/didattica,https://www.unito.it/didattica/offerta-formativa,programmes_hub,intermediate_navigation,Offerta formativa,,,,,,2,0,14,manual_observation,low,pending,,,shell_curl_live_obs,Didattica page link to teaching offer hub
JE000054,J011,JR0011,UNI06,C011,1,primary_orientation,1,hybrid,codex_desktop,4,2026-04-21T17:06:22+02:00,click,https://www.unito.it/didattica/offerta-formativa,https://www.unito.it/didattica/offerta-formativa/corsi-di-studio,intermediate_navigation,intermediate_navigation,Corsi di studio,,,,,,3,0,22,manual_observation,low,pending,,,shell_curl_live_obs,offerta formativa page link to the 2025-2026 course listing
JE000055,J011,JR0011,UNI06,C011,1,primary_orientation,1,hybrid,codex_desktop,5,2026-04-21T17:06:31+02:00,search_submit,https://www.unito.it/didattica/offerta-formativa/corsi-di-studio,https://www.unito.it/views-autocomplete-filters/didattica_elenco/block_1/field_name_value/0?q=Scienze%20della%20comunicazione,intermediate_navigation,search_results,,,Scienze della comunicazione,,,,3,0,31,manual_observation,low,pending,,,shell_curl_live_obs,Nome corso autocomplete query
JE000056,J011,JR0011,UNI06,C011,1,primary_orientation,1,hybrid,codex_desktop,6,2026-04-21T17:06:37+02:00,search_result_click,https://www.unito.it/views-autocomplete-filters/didattica_elenco/block_1/field_name_value/0?q=Scienze%20della%20comunicazione,https://www.unito.it/didattica/offerta-formativa/corsi-di-studio/scienze-della-comunicazione,search_results,course_page,SCIENZE DELLA COMUNICAZIONE,,,,,1,4,0,37,manual_observation,low,pending,,,shell_curl_live_obs,first autocomplete suggestion selected
JE000057,J011,JR0011,UNI06,C011,1,primary_orientation,1,hybrid,codex_desktop,7,2026-04-21T17:06:40+02:00,run_end,https://www.unito.it/didattica/offerta-formativa/corsi-di-studio/scienze-della-comunicazione,https://www.unito.it/didattica/offerta-formativa/corsi-di-studio/scienze-della-comunicazione,course_page,course_page,,,,,,,4,0,40,manual_observation,low,success,,,shell_curl_live_obs,target course card reached via internal autocomplete from Corsi di studio
JE000058,J012,JR0012,UNI06,C012,1,primary_orientation,1,hybrid,codex_desktop,1,2026-04-21T17:07:00+02:00,run_start,,https://www.unito.it/,,homepage,,,,,,,0,0,0,manual_observation,low,pending,,,shell_curl_live_obs,start from homepage; primary path: homepage > Didattica > Offerta formativa > Corsi di studio > internal autocomplete > course card
JE000059,J012,JR0012,UNI06,C012,1,primary_orientation,1,hybrid,codex_desktop,2,2026-04-21T17:07:07+02:00,click,https://www.unito.it/,https://www.unito.it/didattica,homepage,programmes_hub,Didattica,,,,,,1,0,7,manual_observation,low,pending,,,shell_curl_live_obs,homepage navigation link
JE000060,J012,JR0012,UNI06,C012,1,primary_orientation,1,hybrid,codex_desktop,3,2026-04-21T17:07:14+02:00,click,https://www.unito.it/didattica,https://www.unito.it/didattica/offerta-formativa,programmes_hub,intermediate_navigation,Offerta formativa,,,,,,2,0,14,manual_observation,low,pending,,,shell_curl_live_obs,Didattica page link to teaching offer hub
JE000061,J012,JR0012,UNI06,C012,1,primary_orientation,1,hybrid,codex_desktop,4,2026-04-21T17:07:22+02:00,click,https://www.unito.it/didattica/offerta-formativa,https://www.unito.it/didattica/offerta-formativa/corsi-di-studio,intermediate_navigation,intermediate_navigation,Corsi di studio,,,,,,3,0,22,manual_observation,low,pending,,,shell_curl_live_obs,offerta formativa page link to the 2025-2026 course listing
JE000062,J012,JR0012,UNI06,C012,1,primary_orientation,1,hybrid,codex_desktop,5,2026-04-21T17:07:31+02:00,search_submit,https://www.unito.it/didattica/offerta-formativa/corsi-di-studio,https://www.unito.it/views-autocomplete-filters/didattica_elenco/block_1/field_name_value/0?q=Comunicazione%20e%20culture%20dei%20media,intermediate_navigation,search_results,,,Comunicazione e culture dei media,,,,3,0,31,manual_observation,low,pending,,,shell_curl_live_obs,Nome corso autocomplete query
JE000063,J012,JR0012,UNI06,C012,1,primary_orientation,1,hybrid,codex_desktop,6,2026-04-21T17:07:38+02:00,search_result_click,https://www.unito.it/views-autocomplete-filters/didattica_elenco/block_1/field_name_value/0?q=Comunicazione%20e%20culture%20dei%20media,https://www.unito.it/didattica/offerta-formativa/corsi-di-studio/comunicazione-e-culture-dei-media,search_results,course_page,COMUNICAZIONE E CULTURE DEI MEDIA,,,,,1,4,0,38,manual_observation,low,pending,,,shell_curl_live_obs,first autocomplete suggestion selected
JE000064,J012,JR0012,UNI06,C012,1,primary_orientation,1,hybrid,codex_desktop,7,2026-04-21T17:07:42+02:00,run_end,https://www.unito.it/didattica/offerta-formativa/corsi-di-studio/comunicazione-e-culture-dei-media,https://www.unito.it/didattica/offerta-formativa/corsi-di-studio/comunicazione-e-culture-dei-media,course_page,course_page,,,,,,,4,0,42,manual_observation,low,success,,,shell_curl_live_obs,target course card reached via internal autocomplete from Corsi di studio
JE000065,J013,JR0013,UNI07,C013,1,primary_orientation,1,hybrid,codex_desktop,1,2026-04-22T10:00:00+02:00,run_start,,https://unige.it/,,homepage,,,,,,,0,0,0,manual_observation,low,pending,,,shell_curl_live_obs,start from homepage; primary path: homepage > Futuri Studenti card > Lauree triennali > triennale listing > course card
JE000066,J013,JR0013,UNI07,C013,1,primary_orientation,1,hybrid,codex_desktop,2,2026-04-22T10:00:08+02:00,click,https://unige.it/,https://corsi.unige.it/corsi/triennale,homepage,degree_type_listing,Lauree triennali,card in Futuri Studenti body section,,,,,1,0,8,manual_observation,low,pending,,,shell_curl_live_obs,homepage body card links directly to degree-type listing; bypasses corsi.unige.it hub homepage
JE000067,J013,JR0013,UNI07,C013,1,primary_orientation,1,hybrid,codex_desktop,3,2026-04-22T10:00:22+02:00,click,https://corsi.unige.it/corsi/triennale,https://corsi.unige.it/corsi/11938,degree_type_listing,course_page,"MEDIA, COMUNICAZIONE E SOCIETÀ",course card in alphabetical listing,,,,,2,0,22,manual_observation,low,pending,,,shell_curl_live_obs,course found in alphabetical triennale listing; 11938 is 2025/26 code (prev: 11417 same course)
JE000068,J013,JR0013,UNI07,C013,1,primary_orientation,1,hybrid,codex_desktop,4,2026-04-22T10:00:30+02:00,run_end,https://corsi.unige.it/corsi/11938,https://corsi.unige.it/corsi/11938,course_page,course_page,,,,,,,2,0,30,manual_observation,low,success,,,shell_curl_live_obs,"target reached: MEDIA, COMUNICAZIONE E SOCIETÀ (11938); 2 clicks from homepage"
JE000069,J014,JR0014,UNI07,C014,1,primary_orientation,1,hybrid,codex_desktop,1,2026-04-22T10:05:00+02:00,run_start,,https://unige.it/,,homepage,,,,,,,0,0,0,manual_observation,low,pending,,,shell_curl_live_obs,start from homepage; primary path: homepage > Futuri Studenti card > Lauree magistrali > magistrale listing > course card
JE000070,J014,JR0014,UNI07,C014,1,primary_orientation,1,hybrid,codex_desktop,2,2026-04-22T10:05:07+02:00,click,https://unige.it/,https://corsi.unige.it/corsi/magistrale,homepage,degree_type_listing,Lauree magistrali,card in Futuri Studenti body section,,,,,1,0,7,manual_observation,low,pending,,,shell_curl_live_obs,homepage body card; same Futuri Studenti section as J013
JE000071,J014,JR0014,UNI07,C014,1,primary_orientation,1,hybrid,codex_desktop,3,2026-04-22T10:05:25+02:00,click,https://corsi.unige.it/corsi/magistrale,https://corsi.unige.it/corsi/11945,degree_type_listing,course_page,DIGITAL HUMANITIES - INTERACTIVE SYSTEMS AND DIGITAL MEDIA,course card in alphabetical listing,,,,,2,0,25,manual_observation,low,pending,,,shell_curl_live_obs,English-language course in Italian listing; 11945 is 2025/26 code (prev: 11661 same course)
JE000072,J014,JR0014,UNI07,C014,1,primary_orientation,1,hybrid,codex_desktop,4,2026-04-22T10:05:34+02:00,run_end,https://corsi.unige.it/corsi/11945,https://corsi.unige.it/corsi/11945,course_page,course_page,,,,,,,2,0,34,manual_observation,low,success,,,shell_curl_live_obs,target reached: DIGITAL HUMANITIES (11945); 2 clicks from homepage
JE000073,J015,JR0015,UNI08,C015,1,primary_orientation,1,hybrid,codex_desktop,1,2026-04-22T10:10:00+02:00,run_start,,https://www.unimib.it/,,homepage,,,,,,,0,0,0,manual_observation,low,pending,,,shell_curl_live_obs,start from homepage; primary path: homepage nav Studiare dropdown > Corsi di laurea - iscrizioni > Area Formazione > course card
JE000074,J015,JR0015,UNI08,C015,1,primary_orientation,1,hybrid,codex_desktop,2,2026-04-22T10:10:06+02:00,click,https://www.unimib.it/,https://www.unimib.it/didattica/offerta-formativa/corsi-laurea-iscrizioni,homepage,programmes_hub,Corsi di laurea - iscrizioni,Studiare nav dropdown sub-item,,,,,1,0,6,manual_observation,low,pending,,,shell_curl_live_obs,direct sub-item in Studiare nav dropdown; bypasses /studiare overview page
JE000075,J015,JR0015,UNI08,C015,1,primary_orientation,1,hybrid,codex_desktop,3,2026-04-22T10:10:20+02:00,click,https://www.unimib.it/didattica/offerta-formativa/corsi-laurea-iscrizioni,https://www.unimib.it/didattica/offerta-formativa/corsi-laurea-iscrizioni/area-formazione-laurea-triennale-e-laurea-magistrale-ciclo-unico,programmes_hub,intermediate_navigation,Area Formazione,area section link in offerta formativa,,,,,2,0,20,manual_observation,low,pending,,,shell_curl_live_obs,offerta formativa organized into 7 discipline areas; Formazione area contains Comunicazione interculturale
JE000076,J015,JR0015,UNI08,C015,1,primary_orientation,1,hybrid,codex_desktop,4,2026-04-22T10:10:38+02:00,click,https://www.unimib.it/didattica/offerta-formativa/corsi-laurea-iscrizioni/area-formazione-laurea-triennale-e-laurea-magistrale-ciclo-unico,https://www.unimib.it/triennale/comunicazione-interculturale,intermediate_navigation,course_page,Comunicazione interculturale,course card in area-formazione listing,,,,,3,0,38,manual_observation,low,pending,,,shell_curl_live_obs,course card in area-formazione listing; links directly to official course page
JE000077,J015,JR0015,UNI08,C015,1,primary_orientation,1,hybrid,codex_desktop,5,2026-04-22T10:10:45+02:00,run_end,https://www.unimib.it/triennale/comunicazione-interculturale,https://www.unimib.it/triennale/comunicazione-interculturale,course_page,course_page,,,,,,,3,0,45,manual_observation,low,success,,,shell_curl_live_obs,target reached: Comunicazione interculturale; 3 clicks from homepage; area-based discipline navigation
JE000078,J016,JR0016,UNI08,C016,1,primary_orientation,1,hybrid,codex_desktop,1,2026-04-22T15:00:00+02:00,run_start,,https://www.unimib.it/,,homepage,,,,,,,0,0,0,manual_observation,low,pending,,,shell_curl_live_obs,start from homepage; primary path: homepage Studiare dropdown > Corsi di laurea - iscrizioni > Area Scienze magistrale > course card
JE000079,J016,JR0016,UNI08,C016,1,primary_orientation,1,hybrid,codex_desktop,2,2026-04-22T15:00:06+02:00,click,https://www.unimib.it/,https://www.unimib.it/didattica/offerta-formativa/corsi-laurea-iscrizioni,homepage,programmes_hub,Corsi di laurea - iscrizioni,Studiare nav dropdown sub-item,,,,,1,0,6,manual_observation,low,pending,,,shell_curl_live_obs,same Studiare dropdown as J015; direct sub-item click to corsi-laurea-iscrizioni hub
JE000080,J016,JR0016,UNI08,C016,1,primary_orientation,1,hybrid,codex_desktop,3,2026-04-22T15:00:14+02:00,click,https://www.unimib.it/didattica/offerta-formativa/corsi-laurea-iscrizioni,https://www.unimib.it/didattica/offerta-formativa/corsi-laurea-iscrizioni/area-scientifica-laurea-magistrale,programmes_hub,intermediate_navigation,Laurea magistrale,Scienze area - Laurea magistrale link in discipline area list,,,,,2,0,14,manual_observation,low,pending,,,shell_curl_live_obs,Area Scienze lists 16 magistrali incl. Teoria e tecnologia della comunicazione; J015 used Area Formazione triennale
JE000081,J016,JR0016,UNI08,C016,1,primary_orientation,1,hybrid,codex_desktop,4,2026-04-22T15:00:26+02:00,click,https://www.unimib.it/didattica/offerta-formativa/corsi-laurea-iscrizioni/area-scientifica-laurea-magistrale,https://www.unimib.it/magistrale/teoria-tecnologia-comunicazione,intermediate_navigation,course_page,Teoria e tecnologia della comunicazione,course card in area-scientifica-magistrale listing,,,,,3,0,26,manual_observation,low,pending,,,shell_curl_live_obs,course card in area-scientifica listing; LM-92 depts: DISCo + Psicologia
JE000082,J016,JR0016,UNI08,C016,1,primary_orientation,1,hybrid,codex_desktop,5,2026-04-22T15:00:35+02:00,run_end,https://www.unimib.it/magistrale/teoria-tecnologia-comunicazione,https://www.unimib.it/magistrale/teoria-tecnologia-comunicazione,course_page,course_page,,,,,,,3,0,35,manual_observation,low,success,,,shell_curl_live_obs,target reached: Teoria e tecnologia della comunicazione; 3 clicks; area-based discipline navigation (Area Scienze)
JE000083,J017,JR0017,UNI09,C017,1,primary_orientation,1,hybrid,codex_desktop,1,2026-04-22T15:05:00+02:00,run_start,,https://www.unimi.it/,,homepage,,,,,,,0,0,0,manual_observation,low,pending,,,shell_curl_live_obs,start from homepage; primary path: Corsi nav dropdown > Lauree triennali e magistrali ciclo unico > alphabetical listing (82 corsi) > course card
JE000084,J017,JR0017,UNI09,C017,1,primary_orientation,1,hybrid,codex_desktop,2,2026-04-22T15:05:06+02:00,click,https://www.unimi.it/,https://www.unimi.it/it/corsi/corsi-di-laurea-triennali-e-magistrali-ciclo-unico,homepage,degree_type_listing,Lauree triennali e magistrali ciclo unico,sub-item in Corsi nav dropdown,,,,,1,0,6,manual_observation,low,pending,,,shell_curl_live_obs,Corsi nav is both clickable (/it/corsi hub) and hover-dropdown; sub-item clicked directly to bypass hub; listing shows 82 triennali alphabetically
JE000085,J017,JR0017,UNI09,C017,1,primary_orientation,1,hybrid,codex_desktop,3,2026-04-22T15:05:14+02:00,click,https://www.unimi.it/it/corsi/corsi-di-laurea-triennali-e-magistrali-ciclo-unico,https://www.unimi.it/it/corsi/laurea-triennale/comunicazione-e-societa-ces,degree_type_listing,course_page,Comunicazione e società (CES),course card in alphabetical listing,,,,,2,0,14,manual_observation,low,pending,,,shell_curl_live_obs,C section alphabetical; programmed access 250+20 non-EU spots; L-20 R
JE000086,J017,JR0017,UNI09,C017,1,primary_orientation,1,hybrid,codex_desktop,4,2026-04-22T15:05:20+02:00,run_end,https://www.unimi.it/it/corsi/laurea-triennale/comunicazione-e-societa-ces,https://www.unimi.it/it/corsi/laurea-triennale/comunicazione-e-societa-ces,course_page,course_page,,,,,,,2,0,20,manual_observation,low,success,,,shell_curl_live_obs,target reached: Comunicazione e società (CES); 2 clicks from homepage via Corsi dropdown
JE000087,J018,JR0018,UNI09,C018,1,primary_orientation,1,hybrid,codex_desktop,1,2026-04-22T15:10:00+02:00,run_start,,https://www.unimi.it/,,homepage,,,,,,,0,0,0,manual_observation,low,pending,,,shell_curl_live_obs,start from homepage; primary path: Corsi nav dropdown > Lauree Magistrali > alphabetical listing (78 corsi) > course card
JE000088,J018,JR0018,UNI09,C018,1,primary_orientation,1,hybrid,codex_desktop,2,2026-04-22T15:10:06+02:00,click,https://www.unimi.it/,https://www.unimi.it/it/corsi/corsi-di-laurea-magistrale,homepage,degree_type_listing,Lauree Magistrali,sub-item in Corsi nav dropdown,,,,,1,0,6,manual_observation,low,pending,,,shell_curl_live_obs,same Corsi dropdown as J017; Lauree Magistrali sub-item; 78 magistrali listed alphabetically
JE000089,J018,JR0018,UNI09,C018,1,primary_orientation,1,hybrid,codex_desktop,3,2026-04-22T15:10:14+02:00,click,https://www.unimi.it/it/corsi/corsi-di-laurea-magistrale,https://www.unimi.it/it/corsi/laurea-magistrale/editoria-culture-della-comunicazione-e-della-moda,degree_type_listing,course_page,"Editoria, culture della comunicazione e della moda",course card in alphabetical listing,,,,,2,0,14,manual_observation,low,pending,,,shell_curl_live_obs,E section alphabetical; LM-92 R; 3 specializations: Editoria / Comunicazione / Moda; course site on eccm.cdl.unimi.it
JE000090,J018,JR0018,UNI09,C018,1,primary_orientation,1,hybrid,codex_desktop,4,2026-04-22T15:10:20+02:00,run_end,https://www.unimi.it/it/corsi/laurea-magistrale/editoria-culture-della-comunicazione-e-della-moda,https://www.unimi.it/it/corsi/laurea-magistrale/editoria-culture-della-comunicazione-e-della-moda,course_page,course_page,,,,,,,2,0,20,manual_observation,low,success,,,shell_curl_live_obs,"target reached: Editoria, culture della comunicazione e della moda; 2 clicks from homepage via Corsi dropdown; same UniMi pattern as J017"
JE000091,J019,JR0019,UNI10,C019,1,primary_orientation,1,hybrid,codex_desktop,1,2026-04-22T14:40:00+02:00,run_start,,https://www.uninsubria.it/,,homepage,,,,,,,0,0,0,manual_observation,low,pending,,,shell_curl_live_obs,start from homepage; primary path: homepage Formazione dropdown > Corsi di laurea > course link
JE000092,J019,JR0019,UNI10,C019,1,primary_orientation,1,hybrid,codex_desktop,2,2026-04-22T14:40:06+02:00,click,https://www.uninsubria.it/,https://www.uninsubria.it/formazione/offerta-formativa/corsi-di-laurea,homepage,degree_type_listing,Corsi di laurea,Formazione nav dropdown sub-item,,,,,1,0,6,manual_observation,low,pending,,,shell_curl_live_obs,direct sub-item in Formazione nav dropdown; bypasses the broader /formazione/la-nostra-didattica overview page
JE000093,J019,JR0019,UNI10,C019,1,primary_orientation,1,hybrid,codex_desktop,3,2026-04-22T14:40:14+02:00,click,https://www.uninsubria.it/formazione/offerta-formativa/corsi-di-laurea,https://www.uninsubria.it/formazione/offerta-formativa/corsi-di-laurea/scienze-della-comunicazione,degree_type_listing,course_page,SCIENZE DELLA COMUNICAZIONE,course link in all-courses listing,,,,,2,0,14,manual_observation,low,pending,,,shell_curl_live_obs,S section of the shared listing; same page also exposes Scienze e Tecniche della Comunicazione for J020
JE000094,J019,JR0019,UNI10,C019,1,primary_orientation,1,hybrid,codex_desktop,4,2026-04-22T14:40:22+02:00,run_end,https://www.uninsubria.it/formazione/offerta-formativa/corsi-di-laurea/scienze-della-comunicazione,https://www.uninsubria.it/formazione/offerta-formativa/corsi-di-laurea/scienze-della-comunicazione,course_page,course_page,,,,,,,2,0,22,manual_observation,low,success,,,shell_curl_live_obs,target reached: Scienze della comunicazione; 2 clicks from homepage via Formazione dropdown and shared course listing
JE000095,J020,JR0020,UNI10,C020,1,primary_orientation,1,hybrid,codex_desktop,1,2026-04-22T14:45:00+02:00,run_start,,https://www.uninsubria.it/,,homepage,,,,,,,0,0,0,manual_observation,low,pending,,,shell_curl_live_obs,start from homepage; primary path: homepage Formazione dropdown > Corsi di laurea > course link
JE000096,J020,JR0020,UNI10,C020,1,primary_orientation,1,hybrid,codex_desktop,2,2026-04-22T14:45:06+02:00,click,https://www.uninsubria.it/,https://www.uninsubria.it/formazione/offerta-formativa/corsi-di-laurea,homepage,degree_type_listing,Corsi di laurea,Formazione nav dropdown sub-item,,,,,1,0,6,manual_observation,low,pending,,,shell_curl_live_obs,same direct homepage dropdown path as J019; no need to enter La nostra didattica
JE000097,J020,JR0020,UNI10,C020,1,primary_orientation,1,hybrid,codex_desktop,3,2026-04-22T14:45:16+02:00,click,https://www.uninsubria.it/formazione/offerta-formativa/corsi-di-laurea,https://www.uninsubria.it/formazione/offerta-formativa/corsi-di-laurea/scienze-e-tecniche-della-comunicazione,degree_type_listing,course_page,SCIENZE E TECNICHE DELLA COMUNICAZIONE,course link in all-courses listing,,,,,2,0,16,manual_observation,low,pending,,,shell_curl_live_obs,S section of the same all-courses listing used for J019; magistrale course page is live on the canonical slug
JE000098,J020,JR0020,UNI10,C020,1,primary_orientation,1,hybrid,codex_desktop,4,2026-04-22T14:45:24+02:00,run_end,https://www.uninsubria.it/formazione/offerta-formativa/corsi-di-laurea/scienze-e-tecniche-della-comunicazione,https://www.uninsubria.it/formazione/offerta-formativa/corsi-di-laurea/scienze-e-tecniche-della-comunicazione,course_page,course_page,,,,,,,2,0,24,manual_observation,low,success,,,shell_curl_live_obs,target reached: Scienze e Tecniche della Comunicazione; 2 clicks from homepage via the shared Insubria course listing
JE000099,J021,JR0021,UNI11,C021,1,primary_orientation,1,hybrid,codex_desktop,1,2026-04-22T14:50:00+02:00,run_start,,https://www.unisa.it/,,homepage,,,,,,,0,0,0,manual_observation,low,pending,,,shell_curl_live_obs,start from homepage; primary path: homepage > Didattica > Corsi di Laurea e Laurea Magistrale > course site
JE000100,J021,JR0021,UNI11,C021,1,primary_orientation,1,hybrid,codex_desktop,2,2026-04-22T14:50:07+02:00,click,https://www.unisa.it/,https://web.unisa.it/didattica,homepage,programmes_hub,Didattica,,,,,,1,0,7,manual_observation,low,pending,,,shell_curl_live_obs,homepage main navigation link
JE000101,J021,JR0021,UNI11,C021,1,primary_orientation,1,hybrid,codex_desktop,3,2026-04-22T14:50:16+02:00,click,https://web.unisa.it/didattica,https://web.unisa.it/didattica/corsi-laurea,programmes_hub,degree_type_listing,Corsi di Laurea e Laurea Magistrale,primary card on the Didattica landing page,,,,,2,0,16,manual_observation,low,pending,,,shell_curl_live_obs,Didattica landing page links to the official 2025-2026 course listing
JE000102,J021,JR0021,UNI11,C021,1,primary_orientation,1,hybrid,codex_desktop,4,2026-04-22T14:50:24+02:00,click,https://web.unisa.it/didattica/corsi-laurea,https://corsi.unisa.it/scienze-della-comunicazione,degree_type_listing,course_page,SCIENZE DELLA COMUNICAZIONE,course row in CORSO DI LAUREA table,,,,,3,0,24,manual_observation,low,pending,,,shell_curl_live_obs,SC122 / L-20 row in the triennale table; a green Sito Web CTA is available on the same row
JE000103,J021,JR0021,UNI11,C021,1,primary_orientation,1,hybrid,codex_desktop,5,2026-04-22T14:50:28+02:00,run_end,https://corsi.unisa.it/scienze-della-comunicazione,https://corsi.unisa.it/scienze-della-comunicazione,course_page,course_page,,,,,,,3,0,28,manual_observation,low,success,,,shell_curl_live_obs,target reached: Scienze della Comunicazione; 3 clicks from homepage via Didattica and the Corsi di Laurea e Laurea Magistrale listing
JE000104,J022,JR0022,UNI11,C022,1,primary_orientation,1,hybrid,codex_desktop,1,2026-04-22T15:31:00+02:00,run_start,,https://www.unisa.it/,,homepage,,,,,,,0,0,0,manual_observation,low,pending,,,shell_curl_live_obs,start from homepage; primary path: homepage > Didattica > Corsi di Laurea e Laurea Magistrale > course site
JE000105,J022,JR0022,UNI11,C022,1,primary_orientation,1,hybrid,codex_desktop,2,2026-04-22T15:31:07+02:00,click,https://www.unisa.it/,https://web.unisa.it/didattica,homepage,programmes_hub,Didattica,,,,,,1,0,7,manual_observation,low,pending,,,shell_curl_live_obs,homepage main navigation link
JE000106,J022,JR0022,UNI11,C022,1,primary_orientation,1,hybrid,codex_desktop,3,2026-04-22T15:31:16+02:00,click,https://web.unisa.it/didattica,https://web.unisa.it/didattica/corsi-laurea,programmes_hub,degree_type_listing,Corsi di Laurea e Laurea Magistrale,primary card on the Didattica landing page,,,,,2,0,16,manual_observation,low,pending,,,shell_curl_live_obs,Didattica landing page links to the official 2025-2026 course listing
JE000107,J022,JR0022,UNI11,C022,1,primary_orientation,1,hybrid,codex_desktop,4,2026-04-22T15:31:24+02:00,click,https://web.unisa.it/didattica/corsi-laurea,https://corsi.unisa.it/corporate-communication-e-media,degree_type_listing,course_page,CORPORATE COMMUNICATION E MEDIA,course row in CORSO DI LAUREA MAGISTRALE table,,,,,3,0,24,manual_observation,low,pending,,,shell_curl_live_obs,LM-59/LM-92 interclasse row in the magistrale table; the same row exposes the dedicated course-site link
JE000108,J022,JR0022,UNI11,C022,1,primary_orientation,1,hybrid,codex_desktop,5,2026-04-22T15:31:30+02:00,run_end,https://corsi.unisa.it/corporate-communication-e-media,https://corsi.unisa.it/corporate-communication-e-media,course_page,course_page,,,,,,,3,0,30,manual_observation,low,success,,,shell_curl_live_obs,target reached: Corporate Communication e Media; 3 clicks from homepage via Didattica and the Corsi di Laurea e Laurea Magistrale listing
JE000109,J023,JR0023,UNI12,C023,1,primary_orientation,1,hybrid,codex_desktop,1,2026-04-22T15:32:00+02:00,run_start,,https://www.uniroma3.it/,,homepage,,,,,,,0,0,0,manual_observation,low,pending,,,shell_curl_live_obs,start from homepage; primary path: homepage > DIDATTICA mega-menu > Corsi di Laurea > course page
JE000110,J023,JR0023,UNI12,C023,1,primary_orientation,1,hybrid,codex_desktop,2,2026-04-22T15:32:08+02:00,click,https://www.uniroma3.it/,https://www.uniroma3.it/didattica/lauree-ws-l/,homepage,degree_type_listing,Corsi di Laurea,DIDATTICA mega-menu sub-item,,,,,1,0,8,manual_observation,low,pending,,,shell_curl_live_obs,homepage mega-menu exposes a direct link to the type-specific listing; the legacy didattica-ws URL redirects to the current canonical page
JE000111,J023,JR0023,UNI12,C023,1,primary_orientation,1,hybrid,codex_desktop,3,2026-04-22T15:32:18+02:00,click,https://www.uniroma3.it/didattica/lauree-ws-l/,https://www.uniroma3.it/corsi/dipartimento-di-filosofia-comunicazione-e-spettacolo/l/2025-2026/scienze-della-comunicazione-0580706202000001/,degree_type_listing,course_page,Scienze della comunicazione,Filosofia Comunicazione e Spettacolo section,,,,,2,0,18,manual_observation,low,pending,,,shell_curl_live_obs,the 2025-2026 lauree listing contains a direct course link in the department box
JE000112,J023,JR0023,UNI12,C023,1,primary_orientation,1,hybrid,codex_desktop,4,2026-04-22T15:32:22+02:00,run_end,https://www.uniroma3.it/corsi/dipartimento-di-filosofia-comunicazione-e-spettacolo/l/2025-2026/scienze-della-comunicazione-0580706202000001/,https://www.uniroma3.it/corsi/dipartimento-di-filosofia-comunicazione-e-spettacolo/l/2025-2026/scienze-della-comunicazione-0580706202000001/,course_page,course_page,,,,,,,2,0,22,manual_observation,low,success,,,shell_curl_live_obs,target reached: Scienze della comunicazione; 2 clicks from homepage via the Roma Tre Corsi di Laurea listing
JE000113,J024,JR0024,UNI12,C024,1,primary_orientation,1,hybrid,codex_desktop,1,2026-04-22T15:33:00+02:00,run_start,,https://www.uniroma3.it/,,homepage,,,,,,,0,0,0,manual_observation,low,pending,,,shell_curl_live_obs,start from homepage; primary path: homepage > DIDATTICA mega-menu > Corsi di Laurea Magistrale > course page
JE000114,J024,JR0024,UNI12,C024,1,primary_orientation,1,hybrid,codex_desktop,2,2026-04-22T15:33:08+02:00,click,https://www.uniroma3.it/,https://www.uniroma3.it/didattica/lauree-ws-lm/,homepage,degree_type_listing,Corsi di Laurea Magistrale,DIDATTICA mega-menu sub-item,,,,,1,0,8,manual_observation,low,pending,,,shell_curl_live_obs,homepage mega-menu exposes a direct link to the type-specific magistrale listing; the legacy didattica-ws URL redirects to the current canonical page
JE000115,J024,JR0024,UNI12,C024,1,primary_orientation,1,hybrid,codex_desktop,3,2026-04-22T15:33:19+02:00,click,https://www.uniroma3.it/didattica/lauree-ws-lm/,https://www.uniroma3.it/corsi/dipartimento-di-filosofia-comunicazione-e-spettacolo/lm/2025-2026/scienze-cognitive-della-comunicazione-e-dellazione-0580707309300001/,degree_type_listing,course_page,Scienze cognitive della comunicazione e dell'azione,Filosofia Comunicazione e Spettacolo section,,,,,2,0,19,manual_observation,low,pending,,,shell_curl_live_obs,the 2025-2026 lauree magistrali listing contains a direct course link in the department box
JE000116,J024,JR0024,UNI12,C024,1,primary_orientation,1,hybrid,codex_desktop,4,2026-04-22T15:33:23+02:00,run_end,https://www.uniroma3.it/corsi/dipartimento-di-filosofia-comunicazione-e-spettacolo/lm/2025-2026/scienze-cognitive-della-comunicazione-e-dellazione-0580707309300001/,https://www.uniroma3.it/corsi/dipartimento-di-filosofia-comunicazione-e-spettacolo/lm/2025-2026/scienze-cognitive-della-comunicazione-e-dellazione-0580707309300001/,course_page,course_page,,,,,,,2,0,23,manual_observation,low,success,,,shell_curl_live_obs,target reached: Scienze cognitive della comunicazione e dell'azione; 2 clicks from homepage via the Roma Tre Corsi di Laurea Magistrale listing
JE000117,J025,JR0025,UNI13,C025,1,primary_orientation,1,hybrid,codex_desktop,1,2026-04-23T10:00:00+02:00,run_start,,https://www.unipa.it/,,homepage,,,,,,,0,0,0,manual_observation,low,pending,,,shell_curl_live_obs,start from homepage; primary path: homepage Didattica nav dropdown > Lauree Magistrali e Ciclo Unico > offerta-formativa.html > Vue.js filter (type=Laurea) > course card > course page
JE000118,J025,JR0025,UNI13,C025,1,primary_orientation,1,hybrid,codex_desktop,2,2026-04-23T10:00:06+02:00,click,https://www.unipa.it/,https://www.unipa.it/didattica/offerta-formativa.html,homepage,programmes_hub,"Lauree, Lauree Magistrali e Ciclo Unico",Didattica nav dropdown sub-item,,,,,1,0,6,manual_observation,low,pending,,,shell_curl_live_obs,Didattica nav dropdown exposes this sub-item directly; hub is a Vue.js SPA with type filter (Laurea/Magistrale/Ciclo unico) and text search box; courses grouped by department
JE000119,J025,JR0025,UNI13,C025,1,primary_orientation,1,hybrid,codex_desktop,3,2026-04-23T10:00:24+02:00,click,https://www.unipa.it/didattica/offerta-formativa.html,https://www.unipa.it/dipartimenti/cultureesocieta/cds/scienzedellacomunicazione2447,programmes_hub,course_page,SCIENZE DELLA COMUNICAZIONE,Sito del corso card in Vue.js filter - Culture e Società dept - struttura.html?id=2989 → 302 redirect chain,,tipo,Laurea,,2,0,24,manual_observation,low,pending,,,shell_curl_live_obs,course has 5 curricula (Cultura Visuale / Editoria e Progettazione Culturale / Comunicazione Pubblica / Informazione e Social Media / Marketing e Pubblicità) all sharing UNIDB_ID=2989; course card links via struttura.html?id=2989 → 302→302 → canonical CDS URL
JE000120,J025,JR0025,UNI13,C025,1,primary_orientation,1,hybrid,codex_desktop,4,2026-04-23T10:00:30+02:00,run_end,https://www.unipa.it/dipartimenti/cultureesocieta/cds/scienzedellacomunicazione2447,https://www.unipa.it/dipartimenti/cultureesocieta/cds/scienzedellacomunicazione2447,course_page,course_page,,,,,,,2,0,30,manual_observation,low,success,,,shell_curl_live_obs,target reached: Scienze della Comunicazione; 2 clicks from homepage via Didattica dropdown and UniPa Vue.js offerta formativa
JE000121,J026,JR0026,UNI13,C026,1,primary_orientation,1,hybrid,codex_desktop,1,2026-04-23T10:05:00+02:00,run_start,,https://www.unipa.it/,,homepage,,,,,,,0,0,0,manual_observation,low,pending,,,shell_curl_live_obs,start from homepage; primary path: homepage Didattica nav dropdown > Lauree Magistrali e Ciclo Unico > offerta-formativa.html > Vue.js filter (type=Laurea magistrale) > course card > course page
JE000122,J026,JR0026,UNI13,C026,1,primary_orientation,1,hybrid,codex_desktop,2,2026-04-23T10:05:06+02:00,click,https://www.unipa.it/,https://www.unipa.it/didattica/offerta-formativa.html,homepage,programmes_hub,"Lauree, Lauree Magistrali e Ciclo Unico",Didattica nav dropdown sub-item,,,,,1,0,6,manual_observation,low,pending,,,shell_curl_live_obs,same Didattica dropdown and shared hub page as J025
JE000123,J026,JR0026,UNI13,C026,1,primary_orientation,1,hybrid,codex_desktop,3,2026-04-23T10:05:18+02:00,click,https://www.unipa.it/didattica/offerta-formativa.html,https://www.unipa.it/dipartimenti/cultureesocieta/cds/comunicazionedelpatrimonioculturale2215,programmes_hub,course_page,COMUNICAZIONE DEL PATRIMONIO CULTURALE,Sito del corso card in Vue.js filter - Culture e Società dept - struttura.html?id=1770 → 302 redirect chain,,tipo,Laurea magistrale,,2,0,18,manual_observation,low,pending,,,shell_curl_live_obs,LM-92 course with no curricula subdivisions; single Sito del corso link → struttura.html?id=1770 → 302→302 → canonical CDS URL
JE000124,J026,JR0026,UNI13,C026,1,primary_orientation,1,hybrid,codex_desktop,4,2026-04-23T10:05:24+02:00,run_end,https://www.unipa.it/dipartimenti/cultureesocieta/cds/comunicazionedelpatrimonioculturale2215,https://www.unipa.it/dipartimenti/cultureesocieta/cds/comunicazionedelpatrimonioculturale2215,course_page,course_page,,,,,,,2,0,24,manual_observation,low,success,,,shell_curl_live_obs,target reached: Comunicazione del patrimonio culturale; 2 clicks from homepage via Didattica dropdown and UniPa Vue.js offerta formativa
JE000125,J027,JR0027,UNI14,C027,1,primary_orientation,1,hybrid,codex_desktop,1,2026-04-23T10:10:00+02:00,run_start,,https://www.unistrapg.it/,,homepage,,,,,,,0,0,0,manual_observation,low,pending,,,shell_curl_live_obs,start from homepage; primary path: homepage Offerta formativa nav dropdown > Corsi di laurea e laurea magistrale listing > course card > course page; note: 1-click shortcut also present in nav dropdown (course link visible directly)
JE000126,J027,JR0027,UNI14,C027,1,primary_orientation,1,hybrid,codex_desktop,2,2026-04-23T10:10:06+02:00,click,https://www.unistrapg.it/,https://www.unistrapg.it/it/offerta-formativa/corsi-di-laurea-e-laurea-magistrale,homepage,degree_type_listing,Corsi di laurea e laurea magistrale,Offerta formativa nav dropdown sub-item,,,,,1,0,6,manual_observation,low,pending,,,shell_curl_live_obs,Offerta formativa dropdown exposes both the section link and individual course links directly; 2-click path via listing chosen as primary
JE000127,J027,JR0027,UNI14,C027,1,primary_orientation,1,hybrid,codex_desktop,3,2026-04-23T10:10:14+02:00,click,https://www.unistrapg.it/it/offerta-formativa/corsi-di-laurea-e-laurea-magistrale,https://www.unistrapg.it/it/offerta-formativa/corsi-di-laurea-e-laurea-magistrale/corso-di-laurea-comunicazione-internazionale-e-pubblicitaria-comip,degree_type_listing,course_page,Corso di laurea in Comunicazione internazionale e pubblicitaria (ComIP),course section card Vai alla pagina del corso - /comip slug → 301 → canonical URL,,,,,2,0,14,manual_observation,low,pending,,,shell_curl_live_obs,listing page shows ComIP card with Vai alla pagina del corso CTA; /comip short slug → 301 → canonical IT course URL
JE000128,J027,JR0027,UNI14,C027,1,primary_orientation,1,hybrid,codex_desktop,4,2026-04-23T10:10:19+02:00,run_end,https://www.unistrapg.it/it/offerta-formativa/corsi-di-laurea-e-laurea-magistrale/corso-di-laurea-comunicazione-internazionale-e-pubblicitaria-comip,https://www.unistrapg.it/it/offerta-formativa/corsi-di-laurea-e-laurea-magistrale/corso-di-laurea-comunicazione-internazionale-e-pubblicitaria-comip,course_page,course_page,,,,,,,2,0,19,manual_observation,low,success,,,shell_curl_live_obs,target reached: Comunicazione internazionale e pubblicitaria (ComIP); 2 clicks from homepage via Offerta formativa dropdown and the degrees listing
JE000129,J028,JR0028,UNI14,C028,1,primary_orientation,1,hybrid,codex_desktop,1,2026-04-23T11:00:00+02:00,run_start,,https://www.unistrapg.it/,,homepage,,,,,,,0,0,0,manual_observation,low,pending,,,shell_curl_live_obs,start from homepage; path: Offerta formativa nav dropdown > corsi-di-laurea-e-laurea-magistrale listing > CompSI card Vai alla pagina del corso; /compsi short slug → 301 → canonical /it/ URL; 1-click shortcut also present directly in dropdown
JE000130,J028,JR0028,UNI14,C028,1,primary_orientation,1,hybrid,codex_desktop,2,2026-04-23T11:00:06+02:00,click,https://www.unistrapg.it/,https://www.unistrapg.it/it/offerta-formativa/corsi-di-laurea-e-laurea-magistrale,homepage,degree_type_listing,Corsi di laurea e laurea magistrale,Offerta formativa nav dropdown sub-item,,,,,1,0,6,manual_observation,low,pending,,,shell_curl_live_obs,same Offerta formativa dropdown path as J027; 2-click path via listing chosen as primary over 1-click direct course link in dropdown
JE000131,J028,JR0028,UNI14,C028,1,primary_orientation,1,hybrid,codex_desktop,3,2026-04-23T11:00:14+02:00,click,https://www.unistrapg.it/it/offerta-formativa/corsi-di-laurea-e-laurea-magistrale,https://www.unistrapg.it/it/offerta-formativa/corsi-di-laurea-e-laurea-magistrale/corso-di-laurea-magistrale-comunicazione-pubblicitaria-storytelling-e-cultura-dimmagine-compsi,degree_type_listing,course_page,"Comunicazione pubblicitaria, storytelling e cultura d'immagine (CompSI)",course section card Vai alla pagina del corso - /compsi slug → 301 → canonical URL,,,,,2,0,14,manual_observation,low,pending,,,shell_curl_live_obs,listing page shows CompSI card with Vai alla pagina del corso CTA; /compsi short slug → 301 → canonical /it/ course URL
JE000132,J028,JR0028,UNI14,C028,1,primary_orientation,1,hybrid,codex_desktop,4,2026-04-23T11:00:19+02:00,run_end,https://www.unistrapg.it/it/offerta-formativa/corsi-di-laurea-e-laurea-magistrale/corso-di-laurea-magistrale-comunicazione-pubblicitaria-storytelling-e-cultura-dimmagine-compsi,https://www.unistrapg.it/it/offerta-formativa/corsi-di-laurea-e-laurea-magistrale/corso-di-laurea-magistrale-comunicazione-pubblicitaria-storytelling-e-cultura-dimmagine-compsi,course_page,course_page,,,,,,,2,0,19,manual_observation,low,success,,,shell_curl_live_obs,target reached: Comunicazione pubblicitaria storytelling e cultura d'immagine (CompSI); 2 clicks from homepage via Offerta formativa dropdown and degrees listing
JE000133,J029,JR0029,UNI15,C029,1,primary_orientation,1,hybrid,codex_desktop,1,2026-04-23T11:05:00+02:00,run_start,,https://www.uniurb.it/,,homepage,,,,,,,0,0,0,manual_observation,low,pending,,,shell_curl_live_obs,start from homepage; path: homepage body Corsi di laurea e insegnamenti section > triennale inline text link > corsi-di-studio listing > Informazione Media Pubblicità course link
JE000134,J029,JR0029,UNI15,C029,1,primary_orientation,1,hybrid,codex_desktop,2,2026-04-23T11:05:06+02:00,click,https://www.uniurb.it/,https://www.uniurb.it/studiaconnoi/futuri-studenti/corsi-di-studio,homepage,degree_type_listing,Corsi di laurea triennali,homepage body Corsi di laurea e insegnamenti section - triennale inline text link,,,,,1,0,6,manual_observation,low,pending,,,shell_curl_live_obs,UniUrb homepage body exposes inline links to triennale and magistrale listing pages; triennale link targets shared corsi-di-studio listing
JE000135,J029,JR0029,UNI15,C029,1,primary_orientation,1,hybrid,codex_desktop,3,2026-04-23T11:05:14+02:00,click,https://www.uniurb.it/studiaconnoi/futuri-studenti/corsi-di-studio,https://www.uniurb.it/corsi/1757256,degree_type_listing,course_page,"Informazione, Media, Pubblicità",course listing link,,,,,2,0,14,manual_observation,low,pending,,,shell_curl_live_obs,corsi-di-studio listing exposes direct course links; Informazione Media Pubblicità links to /corsi/1757256
JE000136,J029,JR0029,UNI15,C029,1,primary_orientation,1,hybrid,codex_desktop,4,2026-04-23T11:05:19+02:00,run_end,https://www.uniurb.it/corsi/1757256,https://www.uniurb.it/corsi/1757256,course_page,course_page,,,,,,,2,0,19,manual_observation,low,success,,,shell_curl_live_obs,target reached: Informazione Media Pubblicità (L-20); 2 clicks from homepage via inline triennale link and course listing
JE000137,J030,JR0030,UNI15,C030,1,primary_orientation,1,hybrid,codex_desktop,1,2026-04-23T11:10:00+02:00,run_start,,https://www.uniurb.it/,,homepage,,,,,,,0,0,0,manual_observation,low,pending,,,shell_curl_live_obs,start from homepage; path: homepage body Corsi di laurea e insegnamenti section > magistrale inline text link > lauree-magistrali-biennali listing > Comunicazione Digitale per la Cultura course link
JE000138,J030,JR0030,UNI15,C030,1,primary_orientation,1,hybrid,codex_desktop,2,2026-04-23T11:10:06+02:00,click,https://www.uniurb.it/,https://www.uniurb.it/studiaconnoi/futuri-studenti/corsi-di-studio/lauree-magistrali-biennali,homepage,degree_type_listing,Corsi di laurea magistrali biennali,homepage body Corsi di laurea e insegnamenti section - magistrale inline text link,,,,,1,0,6,manual_observation,low,pending,,,shell_curl_live_obs,UniUrb homepage magistrale inline link targets degree-specific listing /lauree-magistrali-biennali; different target from triennale path in J029
JE000139,J030,JR0030,UNI15,C030,1,primary_orientation,1,hybrid,codex_desktop,3,2026-04-23T11:10:14+02:00,click,https://www.uniurb.it/studiaconnoi/futuri-studenti/corsi-di-studio/lauree-magistrali-biennali,https://www.uniurb.it/corsi/1757220,degree_type_listing,course_page,Comunicazione Digitale per la Cultura,course listing link,,,,,2,0,14,manual_observation,low,pending,,,shell_curl_live_obs,lauree-magistrali-biennali listing exposes direct course links; Comunicazione Digitale per la Cultura links to /corsi/1757220
JE000140,J030,JR0030,UNI15,C030,1,primary_orientation,1,hybrid,codex_desktop,4,2026-04-23T11:10:19+02:00,run_end,https://www.uniurb.it/corsi/1757220,https://www.uniurb.it/corsi/1757220,course_page,course_page,,,,,,,2,0,19,manual_observation,low,success,,,shell_curl_live_obs,target reached: Comunicazione Digitale per la Cultura (LM-92); 2 clicks from homepage via inline magistrale link and magistrali-biennali listing
JE000141,J031,JR0031,UNI16,C031,1,primary_orientation,1,hybrid,codex_desktop,1,2026-04-23T11:20:00+02:00,run_start,,https://www.uninettunouniversity.net/it/default.aspx,,homepage,,,,,,,0,0,0,manual_observation,low,pending,,,shell_curl_live_obs,start from homepage; path: homepage Offerta formativa section > Lauree Online in Scienze della Comunicazione > Comunicazione digitale d'impresa on the faculty page
JE000142,J031,JR0031,UNI16,C031,1,primary_orientation,1,hybrid,codex_desktop,2,2026-04-23T11:20:06+02:00,click,https://www.uninettunouniversity.net/it/default.aspx,https://www.uninettunouniversity.net/it/laurea-scienze-della-comunicazione.aspx,homepage,programmes_hub,Lauree Online in Scienze della Comunicazione,homepage Offerta formativa card,,,,,1,0,6,manual_observation,low,pending,,,shell_curl_live_obs,homepage offerta formativa section still exposes the communications faculty hub as a direct card link
JE000143,J031,JR0031,UNI16,C031,1,primary_orientation,1,hybrid,codex_desktop,3,2026-04-23T11:20:14+02:00,click,https://www.uninettunouniversity.net/it/laurea-scienze-della-comunicazione.aspx,https://www.uninettunouniversity.net/it/indirizzo-comunicazione-digitale-d-impresa.aspx?degree=334&faculty=7&idindirizzo=179&mode=cs,programmes_hub,course_page,Comunicazione digitale d'impresa,Facolta di Scienze della Comunicazione page - indirizzi list,,,,,2,0,14,manual_observation,low,pending,,,shell_curl_live_obs,the hub still presents the L-20 programme with two indirizzi; the curriculum link leads directly to the official course page
JE000144,J031,JR0031,UNI16,C031,1,primary_orientation,1,hybrid,codex_desktop,4,2026-04-23T11:20:19+02:00,run_end,https://www.uninettunouniversity.net/it/indirizzo-comunicazione-digitale-d-impresa.aspx?degree=334&faculty=7&idindirizzo=179&mode=cs,https://www.uninettunouniversity.net/it/indirizzo-comunicazione-digitale-d-impresa.aspx?degree=334&faculty=7&idindirizzo=179&mode=cs,course_page,course_page,,,,,,,2,0,19,manual_observation,low,success,,,shell_curl_live_obs,target reached: Comunicazione digitale d'impresa; 2 clicks from homepage via offerta formativa card and the communications faculty hub
JE000145,J032,JR0032,UNI16,C032,1,primary_orientation,1,hybrid,codex_desktop,1,2026-04-23T11:25:00+02:00,run_start,,https://www.uninettunouniversity.net/it/default.aspx,,homepage,,,,,,,0,0,0,manual_observation,low,pending,,,shell_curl_live_obs,start from homepage; path: homepage Offerta formativa section > Lauree Online in Scienze della Comunicazione > LM-92 course link on the faculty page
JE000146,J032,JR0032,UNI16,C032,1,primary_orientation,1,hybrid,codex_desktop,2,2026-04-23T11:25:06+02:00,click,https://www.uninettunouniversity.net/it/default.aspx,https://www.uninettunouniversity.net/it/laurea-scienze-della-comunicazione.aspx,homepage,programmes_hub,Lauree Online in Scienze della Comunicazione,homepage Offerta formativa card,,,,,1,0,6,manual_observation,low,pending,,,shell_curl_live_obs,same shared communications hub used for J031
JE000147,J032,JR0032,UNI16,C032,1,primary_orientation,1,hybrid,codex_desktop,3,2026-04-23T11:25:14+02:00,click,https://www.uninettunouniversity.net/it/laurea-scienze-della-comunicazione.aspx,https://www.uninettunouniversity.net/it/culture-linguaggi-e-strategie-per-la-comunicazione-nell-era-digitale.aspx?degree=321&faculty=7&idindirizzo=&mode=cs,programmes_hub,course_page,"Culture, linguaggi e strategie per la comunicazione nell'era digitale",Facolta di Scienze della Comunicazione page - Corso di Laurea Magistrale link,,,,,2,0,14,manual_observation,low,pending,,,shell_curl_live_obs,the LM-92 link is exposed in the same faculty page under the Corso di Laurea Magistrale section
JE000148,J032,JR0032,UNI16,C032,1,primary_orientation,1,hybrid,codex_desktop,4,2026-04-23T11:25:19+02:00,run_end,https://www.uninettunouniversity.net/it/culture-linguaggi-e-strategie-per-la-comunicazione-nell-era-digitale.aspx?degree=321&faculty=7&idindirizzo=&mode=cs,https://www.uninettunouniversity.net/it/culture-linguaggi-e-strategie-per-la-comunicazione-nell-era-digitale.aspx?degree=321&faculty=7&idindirizzo=&mode=cs,course_page,course_page,,,,,,,2,0,19,manual_observation,low,success,,,shell_curl_live_obs,"target reached: Culture, linguaggi e strategie per la comunicazione nell'era digitale; 2 clicks from homepage via offerta formativa card and the communications faculty hub"
JE000149,J033,JR0033,UNI17,C033,1,primary_orientation,1,hybrid,codex_desktop,1,2026-04-23T11:30:00+02:00,run_start,,https://www.unical.it/,,homepage,,,,,,,0,0,0,manual_observation,medium,pending,,,shell_curl_live_obs,start from homepage; path: homepage Didattica mega-menu > Offerta Formativa > year selector 2025/2026 on legacy hub > generated course details link for Comunicazione e DAMS
JE000150,J033,JR0033,UNI17,C033,1,primary_orientation,1,hybrid,codex_desktop,2,2026-04-23T11:30:06+02:00,click,https://www.unical.it/,https://www.unical.it/didattica/offerta-formativa/,homepage,programmes_hub,Offerta Formativa,homepage Didattica mega-menu main link,,,,,1,0,6,manual_observation,medium,pending,,,shell_curl_live_obs,homepage Didattica mega-menu still exposes the offerta-formativa hub directly
JE000151,J033,JR0033,UNI17,C033,1,primary_orientation,1,hybrid,codex_desktop,3,2026-04-23T11:30:18+02:00,filter_apply,https://www.unical.it/didattica/offerta-formativa/,https://www.unical.it/didattica/offerta-formativa/,programmes_hub,programmes_hub,,,,academic_year,2025/2026,,2,0,18,manual_observation,medium,pending,,,shell_curl_live_obs,selecting 2025/2026 reveals the legacy generated listing; the new 2026/2027 brochure shortcut /lt-lmcu/comunicazione-e-dams currently returns 404 and is not usable as the primary path
JE000152,J033,JR0033,UNI17,C033,1,primary_orientation,1,hybrid,codex_desktop,4,2026-04-23T11:30:26+02:00,click,https://www.unical.it/didattica/offerta-formativa/,https://www.unical.it/storage/cds/52558/,programmes_hub,course_page,COMUNICAZIONE E DAMS,generated course listing link after year filter - RegDidId 52558 / Area Umanistica,,,,,3,0,26,manual_observation,medium,pending,,,shell_curl_live_obs,the current 2025 API row for CdSCod 0895 resolves to RegDidId 52558 and opens the official generated course details page on www.unical.it
JE000153,J033,JR0033,UNI17,C033,1,primary_orientation,1,hybrid,codex_desktop,5,2026-04-23T11:30:31+02:00,run_end,https://www.unical.it/storage/cds/52558/,https://www.unical.it/storage/cds/52558/,course_page,course_page,,,,,,,3,0,31,manual_observation,medium,success,,,shell_curl_live_obs,"target reached: Comunicazione e DAMS official course details page; 3 actions from homepage via Didattica mega-menu, offerta-formativa year filter, and generated listing link. The separate corsi.unical.it course portal remains live in the source layer."
JE000154,J034,JR0034,UNI17,C034,1,primary_orientation,1,hybrid,codex_desktop,1,2026-04-23T11:40:00+02:00,run_start,,https://www.unical.it/,,homepage,,,,,,,0,0,0,manual_observation,medium,pending,,,shell_curl_live_obs,start from homepage; path: homepage Didattica mega-menu > Offerta Formativa > year selector 2025/2026 on legacy hub > generated course details link for Linguaggi della comunicazione e dello spettacolo
JE000155,J034,JR0034,UNI17,C034,1,primary_orientation,1,hybrid,codex_desktop,2,2026-04-23T11:40:06+02:00,click,https://www.unical.it/,https://www.unical.it/didattica/offerta-formativa/,homepage,programmes_hub,Offerta Formativa,homepage Didattica mega-menu main link,,,,,1,0,6,manual_observation,medium,pending,,,shell_curl_live_obs,homepage Didattica mega-menu still exposes the offerta-formativa hub directly
JE000156,J034,JR0034,UNI17,C034,1,primary_orientation,1,hybrid,codex_desktop,3,2026-04-23T11:40:18+02:00,filter_apply,https://www.unical.it/didattica/offerta-formativa/,https://www.unical.it/didattica/offerta-formativa/,programmes_hub,programmes_hub,,,,academic_year,2025/2026,,2,0,18,manual_observation,medium,pending,,,shell_curl_live_obs,selecting 2025/2026 reveals the legacy generated listing used for the current humanities magistrali courses
JE000157,J034,JR0034,UNI17,C034,1,primary_orientation,1,hybrid,codex_desktop,4,2026-04-23T11:40:26+02:00,click,https://www.unical.it/didattica/offerta-formativa/,https://www.unical.it/storage/cds/45755/,programmes_hub,course_page,LINGUAGGI DELLA COMUNICAZIONE E DELLO SPETTACOLO,generated course listing link after year filter - RegDidId 45755 / Area Umanistica,,,,,3,0,26,manual_observation,medium,pending,,,shell_curl_live_obs,the current 2025 API row for CdSCod 0837 resolves to RegDidId 45755 and opens the official generated course details page on www.unical.it; the listing identifies the course as interclass LM-65/LM-92
JE000158,J034,JR0034,UNI17,C034,1,primary_orientation,1,hybrid,codex_desktop,5,2026-04-23T11:40:31+02:00,run_end,https://www.unical.it/storage/cds/45755/,https://www.unical.it/storage/cds/45755/,course_page,course_page,,,,,,,3,0,31,manual_observation,medium,success,,,shell_curl_live_obs,"target reached: Linguaggi della comunicazione e dello spettacolo official course details page; 3 actions from homepage via Didattica mega-menu, offerta-formativa year filter, and generated listing link. The separate corsi.unical.it course portal remains live in the source layer."
JE000159,J035,JR0035,UNI18,C035,1,primary_orientation,1,hybrid,codex_desktop,1,2026-04-23T11:45:00+02:00,run_start,,https://www.unina.it/,,homepage,,,,,,,0,0,0,manual_observation,high,pending,,,shell_curl_live_obs,start from homepage; current session checks whether the normalized homepage > offerta-formativa path remains navigable for D27
JE000160,J035,JR0035,UNI18,C035,1,primary_orientation,1,hybrid,codex_desktop,2,2026-04-23T11:45:18+02:00,dead_end,https://www.unina.it/,https://www.unina.it/,homepage,homepage,,,,,,,0,0,18,manual_observation,high,pending,,,shell_curl_live_obs,"homepage https://www.unina.it/ and normalized programmes hub https://www.unina.it/it/didattica/offerta-formativa both return HTTP 403 in the 2026-04-23 live curl observation, so no internal navigation can be observed from the institutional entrypoint in this session"
JE000161,J035,JR0035,UNI18,C035,1,primary_orientation,1,hybrid,codex_desktop,3,2026-04-23T11:45:24+02:00,run_end,https://www.unina.it/,https://www.unina.it/,homepage,homepage,,,,,,,0,0,24,manual_observation,high,blocked_js,,,shell_curl_live_obs,"blocked_js: the institutional homepage and normalized offerta-formativa hub both return HTTP 403 under the current shell observation, while the target /D27/home remains a JS-only Angular shell. Separate course-details API evidence collected in the same session indicates D27 is in esaurimento and points to an external department page, but the internal homepage-to-course journey cannot be reproduced."
JE000162,J036,JR0036,UNI18,C036,1,primary_orientation,1,hybrid,codex_desktop,1,2026-04-23T11:50:00+02:00,run_start,,https://www.unina.it/,,homepage,,,,,,,0,0,0,manual_observation,high,pending,,,shell_curl_live_obs,start from homepage; current session checks whether the normalized homepage > offerta-formativa path remains navigable for DA2
JE000163,J036,JR0036,UNI18,C036,1,primary_orientation,1,hybrid,codex_desktop,2,2026-04-23T11:50:18+02:00,dead_end,https://www.unina.it/,https://www.unina.it/,homepage,homepage,,,,,,,0,0,18,manual_observation,high,pending,,,shell_curl_live_obs,"homepage https://www.unina.it/ and normalized programmes hub https://www.unina.it/it/didattica/offerta-formativa both return HTTP 403 in the 2026-04-23 live curl observation, so no internal navigation can be observed from the institutional entrypoint in this session"
JE000164,J036,JR0036,UNI18,C036,1,primary_orientation,1,hybrid,codex_desktop,3,2026-04-23T11:50:24+02:00,run_end,https://www.unina.it/,https://www.unina.it/,homepage,homepage,,,,,,,0,0,24,manual_observation,high,blocked_js,,,shell_curl_live_obs,"blocked_js: the institutional homepage and normalized offerta-formativa hub both return HTTP 403 under the current shell observation, while the target /DA2/home remains a JS-only Angular shell. Separate course-details API evidence collected in the same session indicates DA2 is active, but the internal homepage-to-course journey cannot be reproduced."
JE000165,J037,JR0037,UNI19,C037,1,primary_orientation,1,hybrid,codex_desktop,1,2026-04-23T12:00:00+02:00,run_start,,https://www.unibg.it/,,homepage,,,,,,,0,0,0,manual_observation,low,pending,,,shell_curl_live_obs,start from homepage; current session uses the homepage 'Cerca il tuo corso' form to reach the official offerta-formativa result for Scienze della Comunicazione
JE000166,J037,JR0037,UNI19,C037,1,primary_orientation,1,hybrid,codex_desktop,2,2026-04-23T12:00:12+02:00,filter_apply,https://www.unibg.it/,https://www.unibg.it/studiare/corsi/offerta-formativa?name=scienze+della+comunicazione,homepage,programmes_hub,,,,course_title,scienze della comunicazione,,1,0,12,manual_observation,low,pending,,,shell_curl_live_obs,the homepage body form 'Cerca il tuo corso' submits to the server-rendered offerta-formativa listing and returns the exact course card for Scienze della Comunicazione
JE000167,J037,JR0037,UNI19,C037,1,primary_orientation,1,hybrid,codex_desktop,3,2026-04-23T12:00:20+02:00,click,https://www.unibg.it/studiare/corsi/offerta-formativa?name=scienze+della+comunicazione,https://www.unibg.it/studiare/corsi/offertaformativa/scienze-comunicazione,programmes_hub,course_page,SCIENZE DELLA COMUNICAZIONE,offerta-formativa filtered result card,,,,1,2,0,20,manual_observation,low,pending,,,shell_curl_live_obs,"the filtered offerta-formativa result exposes the direct course page under the Dipartimento di Lettere, Filosofia, Comunicazione"
JE000168,J037,JR0037,UNI19,C037,1,primary_orientation,1,hybrid,codex_desktop,4,2026-04-23T12:00:24+02:00,run_end,https://www.unibg.it/studiare/corsi/offertaformativa/scienze-comunicazione,https://www.unibg.it/studiare/corsi/offertaformativa/scienze-comunicazione,course_page,course_page,,,,,,,2,0,24,manual_observation,low,success,,,shell_curl_live_obs,"target reached: Scienze della Comunicazione official UniBg course page; 2 actions from homepage via the homepage course-search form and the filtered offerta-formativa result."
JE000169,J038,JR0038,UNI19,C038,1,primary_orientation,1,hybrid,codex_desktop,1,2026-04-23T12:05:00+02:00,run_start,,https://www.unibg.it/,,homepage,,,,,,,0,0,0,manual_observation,low,pending,,,shell_curl_live_obs,start from homepage; current session verifies whether the homepage course-search flow still reaches the dedicated ls-vpcm course site
JE000170,J038,JR0038,UNI19,C038,1,primary_orientation,1,hybrid,codex_desktop,2,2026-04-23T12:05:12+02:00,filter_apply,https://www.unibg.it/,https://www.unibg.it/studiare/corsi/offerta-formativa?name=patrimonio,homepage,programmes_hub,,,,course_title,patrimonio,,1,0,12,manual_observation,low,pending,,,shell_curl_live_obs,the homepage body form 'Cerca il tuo corso' returns a server-rendered offerta-formativa result with the exact magistrale card for Valorizzazione del patrimonio culturale materiale e immateriale
JE000171,J038,JR0038,UNI19,C038,1,primary_orientation,1,hybrid,codex_desktop,3,2026-04-23T12:05:20+02:00,click,https://www.unibg.it/studiare/corsi/offerta-formativa?name=patrimonio,https://www.unibg.it/studiare/corsi/offertaformativa/valorizzazione-patrimonio-culturale-materiale-e-immateriale,programmes_hub,course_page,VALORIZZAZIONE DEL PATRIMONIO CULTURALE MATERIALE E IMMATERIALE,offerta-formativa filtered result card,,,,1,2,0,20,manual_observation,low,pending,,,shell_curl_live_obs,"the filtered result opens UniBg's official offerta-formativa detail page for [176-R], which includes the downstream external course-site CTA"
JE000172,J038,JR0038,UNI19,C038,1,primary_orientation,1,hybrid,codex_desktop,4,2026-04-23T12:05:29+02:00,click,https://www.unibg.it/studiare/corsi/offertaformativa/valorizzazione-patrimonio-culturale-materiale-e-immateriale,https://ls-vpcm.unibg.it/it,course_page,course_page,Sito del corso,informazioni utili CTA on UniBg offerta-formativa page,,,,,3,0,29,manual_observation,low,pending,,,shell_curl_live_obs,the UniBg detail page exposes a direct 'Sito del corso' link to the dedicated ls-vpcm course site
JE000173,J038,JR0038,UNI19,C038,1,primary_orientation,1,hybrid,codex_desktop,5,2026-04-23T12:05:34+02:00,run_end,https://ls-vpcm.unibg.it/it,https://ls-vpcm.unibg.it/it,course_page,course_page,,,,,,,3,0,34,manual_observation,low,success,,,shell_curl_live_obs,"target reached: Valorizzazione del patrimonio culturale materiale e immateriale dedicated course site; 3 actions from homepage via the homepage course-search form, UniBg offerta-formativa result, and the 'Sito del corso' CTA. The unfiltered magistrali listing pages do not currently expose this course on pages 1-3."
JE000174,J039,JR0039,UNI20,C039,1,primary_orientation,1,hybrid,codex_desktop,1,2026-04-23T12:10:00+02:00,run_start,,https://www.unitn.it/,,homepage,,,,,,,0,0,0,manual_observation,low,pending,,,shell_curl_live_obs,start from homepage; path: homepage Studiare navigation > Corsi listing > Beni culturali card
JE000175,J039,JR0039,UNI20,C039,1,primary_orientation,1,hybrid,codex_desktop,2,2026-04-23T12:10:08+02:00,click,https://www.unitn.it/,https://www.unitn.it/it/corsi,homepage,programmes_hub,Corsi,homepage Studiare navigation link,,,,,1,0,8,manual_observation,low,pending,,,shell_curl_live_obs,the homepage navigation exposes a direct nested Corsi link under Studiare
JE000176,J039,JR0039,UNI20,C039,1,primary_orientation,1,hybrid,codex_desktop,3,2026-04-23T12:10:15+02:00,click,https://www.unitn.it/it/corsi,https://corsi.unitn.it/it/beni-culturali,programmes_hub,course_page,Beni culturali,direct course card on the server-rendered /it/corsi listing,,,,1,2,0,15,manual_observation,low,pending,,,shell_curl_live_obs,the /it/corsi listing includes a direct card link to https://corsi.unitn.it/it/beni-culturali
JE000177,J039,JR0039,UNI20,C039,1,primary_orientation,1,hybrid,codex_desktop,4,2026-04-23T12:10:19+02:00,run_end,https://corsi.unitn.it/it/beni-culturali,https://corsi.unitn.it/it/beni-culturali,course_page,course_page,,,,,,,2,0,19,manual_observation,low,success,,,shell_curl_live_obs,"target reached: Beni culturali official UniTrento course page; 2 clicks from homepage via the Studiare/Corsi entry and the direct course card on the server-rendered listing."
JE000178,J040,JR0040,UNI20,C040,1,primary_orientation,1,hybrid,codex_desktop,1,2026-04-23T12:20:00+02:00,run_start,,https://www.unitn.it/,,homepage,,,,,,,0,0,0,manual_observation,medium,pending,,,shell_curl_live_obs,"start from homepage; current session verifies whether Organizzazione, società e tecnologia is still reachable through UniTrento's institutional Corsi flow"
JE000179,J040,JR0040,UNI20,C040,1,primary_orientation,1,hybrid,codex_desktop,2,2026-04-23T12:20:08+02:00,click,https://www.unitn.it/,https://www.unitn.it/it/corsi,homepage,programmes_hub,Corsi,homepage Studiare navigation link,,,,,1,0,8,manual_observation,medium,pending,,,shell_curl_live_obs,the homepage navigation still exposes a direct nested Corsi link under Studiare
JE000180,J040,JR0040,UNI20,C040,1,primary_orientation,1,hybrid,codex_desktop,3,2026-04-23T12:20:20+02:00,dead_end,https://www.unitn.it/it/corsi,https://www.unitn.it/it/corsi,programmes_hub,programmes_hub,,,,,,,1,0,20,manual_observation,medium,pending,,,shell_curl_live_obs,"the canonical target https://corsi.unitn.it/it/organizzazione-societa-e-tecnologia is live, but it is not surfaced in the currently accessible server-rendered /it/corsi listing chunks observed on 2026-04-23. The institutional search returns only the internal node /it/node/765 and a PDF result, not the canonical course site."
JE000181,J040,JR0040,UNI20,C040,1,primary_orientation,1,hybrid,codex_desktop,4,2026-04-23T12:20:27+02:00,run_end,https://www.unitn.it/it/corsi,https://www.unitn.it/it/corsi,programmes_hub,programmes_hub,,,,,,,1,0,27,manual_observation,medium,blocked_js,,,shell_curl_live_obs,"blocked_js: homepage > Corsi remains navigable, but the current shell-observable listing/search paths do not expose the canonical target even though https://corsi.unitn.it/it/organizzazione-societa-e-tecnologia is live. The homepage search app on webapps.unitn.it is JS-rendered, and the Drupal search path resolves only to an internal node/PDF page."
JE000182,J041,JR0041,UNI20,C041,1,primary_orientation,1,hybrid,codex_desktop,1,2026-04-23T12:30:00+02:00,run_start,,https://www.unitn.it/,,homepage,,,,,,,0,0,0,manual_observation,low,pending,,,shell_curl_live_obs,start from homepage; path: homepage Studiare navigation > Corsi listing > Giurisprudenza card
JE000183,J041,JR0041,UNI20,C041,1,primary_orientation,1,hybrid,codex_desktop,2,2026-04-23T12:30:08+02:00,click,https://www.unitn.it/,https://www.unitn.it/it/corsi,homepage,programmes_hub,Corsi,homepage Studiare navigation link,,,,,1,0,8,manual_observation,low,pending,,,shell_curl_live_obs,the homepage navigation exposes a direct nested Corsi link under Studiare
JE000184,J041,JR0041,UNI20,C041,1,primary_orientation,1,hybrid,codex_desktop,3,2026-04-23T12:30:19+02:00,click,https://www.unitn.it/it/corsi,https://corsi.unitn.it/it/giurisprudenza,programmes_hub,course_page,Giurisprudenza,direct course card on the server-rendered /it/corsi listing,,,,1,2,0,19,manual_observation,low,pending,,,shell_curl_live_obs,the /it/corsi listing includes a direct card link to https://corsi.unitn.it/it/giurisprudenza
JE000185,J041,JR0041,UNI20,C041,1,primary_orientation,1,hybrid,codex_desktop,4,2026-04-23T12:30:23+02:00,run_end,https://corsi.unitn.it/it/giurisprudenza,https://corsi.unitn.it/it/giurisprudenza,course_page,course_page,,,,,,,2,0,23,manual_observation,low,success,,,shell_curl_live_obs,"target reached: Giurisprudenza official UniTrento course page; 2 clicks from homepage via the Studiare/Corsi entry and the direct course card on the server-rendered listing."
