source_document_id,crawl_run_id,university_id,sample_course_id,journey_id,parent_source_document_id,url,url_norm,host,domain_family,path,source_kind,page_role,doc_type_guess,discovery_depth,discovery_score,anchor_text,fetch_status,http_status,content_type,final_url,title,storage_path,content_sha256,file_ext,fetched_at,render_mode,error_message,notes
SD0001,CR001,UNI01,,,,https://www.unibo.it/,https://www.unibo.it/it,www.unibo.it,unibo.it,/it,master_reference,university_homepage,html,0,10,,fetched,200,text/html;charset=utf-8,https://www.unibo.it/it,Università di Bologna,artifacts/runs/CR001_2026-04-03_tranche01_uni01_uni02/SD0001.html,60d8167ac384910c0bd42e43a7ece50330c1a98536b204c353148c71ea73bf94,.html,2026-04-03T16:51:46+02:00,raw_http,,tranche1; final URL redirects from root to /it
SD0002,CR001,UNI01,,,SD0001,https://www.unibo.it/it/studiare,https://www.unibo.it/it/studiare,www.unibo.it,unibo.it,/it/studiare,master_reference,programmes_hub,html,0,10,,fetched,200,text/html;charset=utf-8,https://www.unibo.it/it/studiare,Studiare — Università di Bologna,artifacts/runs/CR001_2026-04-03_tranche01_uni01_uni02/SD0002.html,19c492d3d10ab3090c0ee4226dd07888bb05a737546edef60291a2d509d1a497,.html,2026-04-03T16:51:47+02:00,raw_http,,tranche1; master programmes hub snapshot
SD0003,CR001,UNI01,C001,J001,SD0002,https://corsi.unibo.it/laurea/ScienzeComunicazione,https://corsi.unibo.it/laurea/ScienzeComunicazione,corsi.unibo.it,unibo.it,/laurea/ScienzeComunicazione,course_seed,course_page,html,0,10,,fetched,200,text/html;charset=utf-8,https://corsi.unibo.it/laurea/ScienzeComunicazione,Scienze della comunicazione - Laurea - Bologna,artifacts/runs/CR001_2026-04-03_tranche01_uni01_uni02/SD0003.html,4dc44b7961c878c65716cea635c99df58d0c592e9a2e9e0e5f9e5cfb171318ff,.html,2026-04-03T16:51:47+02:00,raw_http,,tranche1; official course portal
SD0004,CR001,UNI01,C002,J002,SD0002,https://www.unibo.it/it/studiare/lauree-magistrali/corso/2025/6824,https://www.unibo.it/it/studiare/lauree-magistrali/corso/2025/6824,www.unibo.it,unibo.it,/it/studiare/lauree-magistrali/corso/2025/6824,course_seed,course_page,html,0,10,,fetched,200,text/html;charset=utf-8,https://www.unibo.it/it/studiare/lauree-magistrali/corso/2025/6824,Semiotica — Università di Bologna,artifacts/runs/CR001_2026-04-03_tranche01_uni01_uni02/SD0004.html,d07fd8715959dccc3d83fb716b5666043df05de968e40822e4e89084cf88df3f,.html,2026-04-03T16:51:48+02:00,raw_http,,tranche1; official ateneo course card
SD0005,CR001,UNI02,,,,https://www.unipd.it/,https://www.unipd.it/,www.unipd.it,unipd.it,/,master_reference,university_homepage,html,0,10,,fetched,200,text/html; charset=utf-8,https://www.unipd.it/,Università di Padova,artifacts/runs/CR001_2026-04-03_tranche01_uni01_uni02/SD0005.html,7291323a40a3e08328065046cc4cc8bdf9e3c44b1252c92a91e726ae54681706,.html,2026-04-03T16:51:48+02:00,raw_http,,tranche1; homepage snapshot
SD0006,CR001,UNI02,,,SD0005,https://www.unipd.it/offerta-didattica,https://www.unipd.it/corsi,www.unipd.it,unipd.it,/corsi,master_reference,programmes_hub,html,0,10,,fetched,200,text/html; charset=utf-8,https://www.unipd.it/corsi,Didattica | Università di Padova,artifacts/runs/CR001_2026-04-03_tranche01_uni01_uni02/SD0006.html,0067e4cd8e48af22927e956fb1089612091b7d0d24942cd65eb03bd8be6c3ad6,.html,2026-04-03T16:51:48+02:00,raw_http,,tranche1; source URL redirects from /offerta-didattica to /corsi
SD0007,CR001,UNI02,C003,J003,SD0006,https://www.unipd.it/offerta-didattica/corsi-di-laurea/scienze-umane-sociali-e-del-patrimonio-culturale?cg=studi-umanistici-e-linguistici&key=SU3024&ordinamento=2025&scuola=SU&tipo=L,https://www.unipd.it/offerta-didattica/corsi-di-laurea/scienze-umane-sociali-e-del-patrimonio-culturale?cg=studi-umanistici-e-linguistici&key=SU3024&ordinamento=2025&scuola=SU&tipo=L,www.unipd.it,unipd.it,/offerta-didattica/corsi-di-laurea/scienze-umane-sociali-e-del-patrimonio-culturale,course_seed,course_page,html,0,10,,fetched,200,text/html; charset=utf-8,https://www.unipd.it/offerta-didattica/corsi-di-laurea/scienze-umane-sociali-e-del-patrimonio-culturale?cg=studi-umanistici-e-linguistici&key=SU3024&ordinamento=2025&scuola=SU&tipo=L,Comunicazione | Università di Padova,artifacts/runs/CR001_2026-04-03_tranche01_uni01_uni02/SD0007.html,d25b4b2da028e62f062763c9bf386733e53acac5d7d450e3441e5913e462c1a0,.html,2026-04-03T16:51:51+02:00,raw_http,,tranche1; raw HTML exposes title but no h1 or meta description
SD0008,CR001,UNI02,C004,J004,SD0006,https://www.unipd.it/offerta-didattica/corsi-di-laurea-magistrale/corsi-di-laurea-magistrale/scienze-umane-sociali-e-del-patrimonio-culturale?key=IF0315&ordinamento=2023&scuola=SU&tipo=LM,https://www.unipd.it/offerta-didattica/corsi-di-laurea-magistrale/corsi-di-laurea-magistrale/scienze-umane-sociali-e-del-patrimonio-culturale?key=IF0315&ordinamento=2023&scuola=SU&tipo=LM,www.unipd.it,unipd.it,/offerta-didattica/corsi-di-laurea-magistrale/corsi-di-laurea-magistrale/scienze-umane-sociali-e-del-patrimonio-culturale,course_seed,course_page,html,0,10,,fetched,200,text/html; charset=utf-8,https://www.unipd.it/offerta-didattica/corsi-di-laurea-magistrale/corsi-di-laurea-magistrale/scienze-umane-sociali-e-del-patrimonio-culturale?key=IF0315&ordinamento=2023&scuola=SU&tipo=LM,| Università di Padova,artifacts/runs/CR001_2026-04-03_tranche01_uni01_uni02/SD0008.html,61c9030f3ab98f0946daf2732d55b61b596764d13bc8e078c69fb6d26894fb3f,.html,2026-04-03T16:51:51+02:00,raw_http,,tranche1; raw HTML is sparse and should be revisited with rendered DOM in a later tranche
SD0009,CR002,UNI03,,,,https://www.unipi.it/,https://www.unipi.it/,www.unipi.it,unipi.it,/,master_reference,university_homepage,html,0,10,,fetched,200,text/html; charset=UTF-8,https://www.unipi.it/,Home ~ UNIPI,artifacts/runs/CR002_2026-04-03_tranche02_uni03_uni05/SD0009.html,e6e3c0b73402a8f7f386abf3633034591064d770d34392c645c69820f4232623,.html,2026-04-03T16:56:39+02:00,raw_http,,tranche2; homepage snapshot
SD0010,CR002,UNI03,,,SD0009,https://www.unipi.it/didattica,https://www.unipi.it/didattica/,www.unipi.it,unipi.it,/didattica/,master_reference,programmes_hub,html,0,10,,fetched,200,text/html; charset=UTF-8,https://www.unipi.it/didattica/,Didattica ~ UNIPI,artifacts/runs/CR002_2026-04-03_tranche02_uni03_uni05/SD0010.html,3a155e21a3c4f8d09aba23d72a1fc4752c7a77e8b72716d19a32d3068b2a2395,.html,2026-04-03T16:56:41+02:00,raw_http,,tranche2; programmes hub snapshot
SD0011,CR002,UNI03,C005,J005,SD0010,https://www.unipi.it/didattica/corsi/lauree-triennali-ciclo-unico/discipline-dello-spettacolo-e-della-comunicazione-dscr-l,https://www.unipi.it/didattica/corsi/lauree-triennali-ciclo-unico/discipline-dello-spettacolo-e-della-comunicazione-dscr-l/,www.unipi.it,unipi.it,/didattica/corsi/lauree-triennali-ciclo-unico/discipline-dello-spettacolo-e-della-comunicazione-dscr-l/,course_seed,course_page,html,0,10,,fetched,200,text/html; charset=UTF-8,https://www.unipi.it/didattica/corsi/lauree-triennali-ciclo-unico/discipline-dello-spettacolo-e-della-comunicazione-dscr-l/,Discipline dello spettacolo e della comunicazione ~ UNIPI,artifacts/runs/CR002_2026-04-03_tranche02_uni03_uni05/SD0011.html,d3e7723c529f62b48af96afd6e03ea75935533a66a18101e8f1560bb3d3c35d7,.html,2026-04-03T16:56:44+02:00,raw_http,,tranche2; official ateneo course page
SD0012,CR002,UNI03,C006,J006,SD0010,https://www.unipi.it/didattica/corsi/lauree-triennali-ciclo-unico/comunicazione-media-tecnologie-wcm-lm,https://www.unipi.it/didattica/corsi/lauree-magistrali/comunicazione-media-tecnologie-wcm-lm/,www.unipi.it,unipi.it,/didattica/corsi/lauree-magistrali/comunicazione-media-tecnologie-wcm-lm/,course_seed,course_page,html,0,10,,fetched,200,text/html; charset=UTF-8,https://www.unipi.it/didattica/corsi/lauree-magistrali/comunicazione-media-tecnologie-wcm-lm/,"Comunicazione, media, tecnologie ~ UNIPI",artifacts/runs/CR002_2026-04-03_tranche02_uni03_uni05/SD0012.html,b0390c18afedc2b59f0a143251dbbb1801c08cf33e178ce12e24b6b7df6adcd3,.html,2026-04-03T16:56:46+02:00,raw_http,,tranche2; final URL normalized from master seed to the lauree-magistrali path
SD0013,CR002,UNI04,,,,https://www.unifi.it/,https://www.unifi.it/it,www.unifi.it,unifi.it,/it,master_reference,university_homepage,html,0,10,,fetched,200,text/html; charset=UTF-8,https://www.unifi.it:443/it,Università di Firenze,artifacts/runs/CR002_2026-04-03_tranche02_uni03_uni05/SD0013.html,265757997fac670c67491adacbc90f8a0a764eccc0a65abd1147e9b532caae34,.html,2026-04-03T16:56:47+02:00,raw_http,,tranche2; final URL adds /it locale path
SD0014,CR002,UNI04,,,SD0013,https://www.unifi.it/it/studiare,https://www.unifi.it/it/studiare,www.unifi.it,unifi.it,/it/studiare,master_reference,programmes_hub,html,0,10,,http_error,404,text/html; charset=UTF-8,https://www.unifi.it/it/studiare,Pagina non trovata | Università di Firenze,artifacts/runs/CR002_2026-04-03_tranche02_uni03_uni05/SD0014.html,e6e4c66ca8fcd34b114615083b7ac8801c3a0519ced61b0701822ba4ce636bc1,.html,2026-04-03T16:56:48+02:00,raw_http,master programmes_hub_url returned HTTP 404,"tranche2; observed 404 on master programmes_hub_url, follow-up needed before journey collection"
SD0015,CR002,UNI04,C007,J007,SD0021,https://www.unifi.it/it/node/6520,https://www.unifi.it/it/node/6520,www.unifi.it,unifi.it,/it/node/6520,course_seed,course_page,html,0,10,,fetched,200,text/html; charset=UTF-8,https://www.unifi.it/it/node/6520,Scienze Umanistiche per la Comunicazione | Università di Firenze,artifacts/runs/CR002_2026-04-03_tranche02_uni03_uni05/SD0015.html,efee1bc9df64128ea5f7d094576524267e058fac6391ace0c5b5a0b3d38b1306,.html,2026-04-03T16:56:50+02:00,raw_http,,tranche2; collected before hub normalization; parent relinked to normalized programmes hub SD0021 in CR003
SD0016,CR002,UNI04,C008,J008,SD0021,https://www.unifi.it/it/studia-con-noi/corsi-di-laurea/corsi-di-laurea-magistrali/pratiche-linguaggi-e-culture-della,https://www.unifi.it/it/studia-con-noi/corsi-di-laurea/corsi-di-laurea-magistrali/pratiche-linguaggi-e-culture-della,www.unifi.it,unifi.it,/it/studia-con-noi/corsi-di-laurea/corsi-di-laurea-magistrali/pratiche-linguaggi-e-culture-della,course_seed,course_page,html,0,10,,fetched,200,text/html; charset=UTF-8,https://www.unifi.it/it/studia-con-noi/corsi-di-laurea/corsi-di-laurea-magistrali/pratiche-linguaggi-e-culture-della,"[B385] PRATICHE, LINGUAGGI E CULTURE DELLA COMUNICAZIONE | Università di Firenze",artifacts/runs/CR002_2026-04-03_tranche02_uni03_uni05/SD0016.html,47b53bedc7536d64c0ebc943cea84154229e6b8f03bb862f2c1d29158828587b,.html,2026-04-03T16:56:50+02:00,raw_http,,tranche2; collected before hub normalization; parent relinked to normalized programmes hub SD0021 in CR003
SD0017,CR002,UNI05,,,,https://www.unisi.it/,https://www.unisi.it/,www.unisi.it,unisi.it,/,master_reference,university_homepage,html,0,10,,fetched,200,text/html;charset=utf-8,https://www.unisi.it/,Università degli Studi di Siena,artifacts/runs/CR002_2026-04-03_tranche02_uni03_uni05/SD0017.html,560e4c79a90b0dbc9be386a7a34c74f57e849a746be7b2889793d0da4106629b,.html,2026-04-03T16:56:51+02:00,raw_http,,tranche2; homepage snapshot
SD0018,CR002,UNI05,,,SD0017,https://www.unisi.it/didattica,https://www.unisi.it/didattica,www.unisi.it,unisi.it,/didattica,master_reference,programmes_hub,html,0,10,,fetched,200,text/html;charset=utf-8,https://www.unisi.it/didattica,Didattica | Università degli Studi di Siena,artifacts/runs/CR002_2026-04-03_tranche02_uni03_uni05/SD0018.html,4e1edae6f51d8bf3c5761fca09172ce5cbb4639db5f9b83141b535c872e9f9f6,.html,2026-04-03T16:56:51+02:00,raw_http,,tranche2; programmes hub snapshot
SD0019,CR002,UNI05,C009,J009,SD0018,https://scienze-comunicazione.unisi.it/it,https://scienze-comunicazione.unisi.it/it,scienze-comunicazione.unisi.it,unisi.it,/it,course_seed,course_page,html,0,10,,fetched,200,text/html;charset=utf-8,https://scienze-comunicazione.unisi.it/it,SCIENZE DELLA COMUNICAZIONE |,artifacts/runs/CR002_2026-04-03_tranche02_uni03_uni05/SD0019.html,1b896e0a194100722f81565744fae5bf2ef388aa15085ccef25d0a35c0ffd62c,.html,2026-04-03T16:56:51+02:00,raw_http,,tranche2; dedicated course site surfaced from definitive master
SD0020,CR002,UNI05,C010,J010,SD0018,https://www.unisi.it/ugov/degree/22463,https://www.unisi.it/ugov/degree/22463,www.unisi.it,unisi.it,/ugov/degree/22463,course_seed,course_page,html,0,10,,fetched,200,text/html;charset=utf-8,https://www.unisi.it/ugov/degree/22463,[D003] STRATEGIE E TECNICHE DELLA COMUNICAZIONE | Università degli Studi di Siena,artifacts/runs/CR002_2026-04-03_tranche02_uni03_uni05/SD0020.html,e9f92f8228aeddd424830605011a0fcc2bf5328cacd44c2a4c141d224bbf76d1,.html,2026-04-03T16:56:53+02:00,raw_http,,tranche2; official ateneo course sheet
SD0021,CR003,UNI04,,,SD0013,https://www.unifi.it/it/studia-con-noi/corsi-di-laurea,https://www.unifi.it/it/studia-con-noi/corsi-di-laurea,www.unifi.it,unifi.it,/it/studia-con-noi/corsi-di-laurea,master_reference,programmes_hub,html,0,10,,fetched,200,text/html; charset=UTF-8,https://www.unifi.it/it/studia-con-noi/corsi-di-laurea,Corsi di laurea | Università di Firenze,artifacts/runs/CR003_2026-04-03_unifi_hub_normalization/SD0021.html,2fe08b077d2e20a6b6601aa59315b14e47a8d509b9988bb81394c32eba6f0473,.html,2026-04-03T17:16:49+02:00,raw_http,,CR003; normalized official programmes hub replacing dead /it/studiare URL observed in CR002
SD0022,CR004,UNI06,,,,https://www.unito.it/,https://www.unito.it/,www.unito.it,unito.it,/,master_reference,university_homepage,html,0,10,,fetched,200,text/html; charset=UTF-8,https://www.unito.it/,L'Università di Torino,artifacts/runs/CR004_2026-04-03_tranche03_uni06_uni08/SD0022.html,dd5cd9af5bb22e1b67598d990e52660ca0f12a55c687cd88384bc4813e26e558,.html,2026-04-03T17:16:49+02:00,raw_http,,tranche3; homepage snapshot
SD0023,CR004,UNI06,,,SD0022,https://www.unito.it/didattica,https://www.unito.it/didattica,www.unito.it,unito.it,/didattica,master_reference,programmes_hub,html,0,10,,fetched,200,text/html; charset=UTF-8,https://www.unito.it/didattica,Didattica | Università di Torino,artifacts/runs/CR004_2026-04-03_tranche03_uni06_uni08/SD0023.html,0d8e926f4d5fa1bcf134c402f278709cebefa1ed60a8cec54918e32a9d44764a,.html,2026-04-03T17:16:49+02:00,raw_http,,tranche3; programmes hub snapshot
SD0024,CR004,UNI06,C011,J011,SD0023,https://www.unito.it/didattica/offerta-formativa/corsi-di-studio/scienze-della-comunicazione,https://www.unito.it/didattica/offerta-formativa/corsi-di-studio/scienze-della-comunicazione,www.unito.it,unito.it,/didattica/offerta-formativa/corsi-di-studio/scienze-della-comunicazione,course_seed,course_page,html,0,10,,fetched,200,text/html; charset=UTF-8,https://www.unito.it/didattica/offerta-formativa/corsi-di-studio/scienze-della-comunicazione,[2705L31] SCIENZE DELLA COMUNICAZIONE | Università di Torino,artifacts/runs/CR004_2026-04-03_tranche03_uni06_uni08/SD0024.html,fa86409132d0fa910e7c9242c66ebeb7b44a15656cf6e9aa6c8542dcaeba5070,.html,2026-04-03T17:16:50+02:00,raw_http,,tranche3; official ateneo course card
SD0025,CR004,UNI06,C012,J012,SD0023,https://www.unito.it/didattica/offerta-formativa/corsi-di-studio/comunicazione-e-culture-dei-media,https://www.unito.it/didattica/offerta-formativa/corsi-di-studio/comunicazione-e-culture-dei-media,www.unito.it,unito.it,/didattica/offerta-formativa/corsi-di-studio/comunicazione-e-culture-dei-media,course_seed,course_page,html,0,10,,fetched,200,text/html; charset=UTF-8,https://www.unito.it/didattica/offerta-formativa/corsi-di-studio/comunicazione-e-culture-dei-media,[0507M21] COMUNICAZIONE E CULTURE DEI MEDIA | Università di Torino,artifacts/runs/CR004_2026-04-03_tranche03_uni06_uni08/SD0025.html,e805a28f10af6ae684427aabc22db9128dc5d640d8fb19cef6194a564cf9610f,.html,2026-04-03T17:16:50+02:00,raw_http,,tranche3; official ateneo course card
SD0026,CR004,UNI07,,,,https://unige.it/,https://unige.it/,unige.it,unige.it,/,master_reference,university_homepage,html,0,10,,fetched,200,text/html; charset=UTF-8,https://unige.it/,Università degli Studi di Genova | UniGe,artifacts/runs/CR004_2026-04-03_tranche03_uni06_uni08/SD0026.html,f0d53631019cb1dd933aa9ab6048277db8a28dde4a7362bc7136d684628afa44,.html,2026-04-03T17:16:50+02:00,raw_http,,tranche3; homepage snapshot
SD0027,CR004,UNI07,,,SD0026,https://corsi.unige.it/,https://corsi.unige.it/,corsi.unige.it,unige.it,/,master_reference,programmes_hub,html,0,10,,fetched,200,text/html; charset=UTF-8,https://corsi.unige.it/,Offerta formativa | Corsi di Studio UniGe,artifacts/runs/CR004_2026-04-03_tranche03_uni06_uni08/SD0027.html,5bad57bae365d61ac3e4fd7db2076379af9ba1119a7b4cbf4e1546bac268d8af,.html,2026-04-03T17:16:51+02:00,raw_http,,tranche3; programmes hub snapshot
SD0028,CR004,UNI07,C013,J013,SD0027,https://corsi.unige.it/11938,https://corsi.unige.it/corsi/11938,corsi.unige.it,unige.it,/corsi/11938,course_seed,course_page,html,0,10,,fetched,200,text/html; charset=UTF-8,https://corsi.unige.it/corsi/11938,"CORSO DI LAUREA TRIENNALE (D.M. 1648/2023) in MEDIA, COMUNICAZIONE E SOCIETÀ | UniGe | Università di Genova | Corsi di Studio UniGe",artifacts/runs/CR004_2026-04-03_tranche03_uni06_uni08/SD0028.html,2bbfe435c8d4501000b5c929aa95d883ef97366776651ce6058216cccad0279e,.html,2026-04-03T17:16:53+02:00,raw_http,,tranche3; source seed redirects to canonical /corsi/11938
SD0029,CR004,UNI07,C014,J014,SD0027,https://corsi.unige.it/11945,https://corsi.unige.it/corsi/11945,corsi.unige.it,unige.it,/corsi/11945,course_seed,course_page,html,0,10,,fetched,200,text/html; charset=UTF-8,https://corsi.unige.it/corsi/11945,CORSO DI LAUREA MAGISTRALE (D.M. 1649/2023) in DIGITAL HUMANITIES - INTERACTIVE SYSTEMS AND DIGITAL MEDIA | UniGe | Università di Genova | Corsi di Studio UniGe,artifacts/runs/CR004_2026-04-03_tranche03_uni06_uni08/SD0029.html,4e810d5d2afd7a99ff6490e61519c0cac5b51cf4205ebd4803c6bb841fc42941,.html,2026-04-03T17:16:56+02:00,raw_http,,tranche3; source seed redirects to canonical /corsi/11945
SD0030,CR004,UNI08,,,,https://www.unimib.it/,https://www.unimib.it/,www.unimib.it,unimib.it,/,master_reference,university_homepage,html,0,10,,fetched,200,text/html; charset=UTF-8,https://www.unimib.it/,Università degli Studi di Milano-Bicocca,artifacts/runs/CR004_2026-04-03_tranche03_uni06_uni08/SD0030.html,1d472a8aa55a250dcb4c688f58f571b86f5b09b294c0071ca202e42be80b88e2,.html,2026-04-03T17:16:57+02:00,raw_http,,tranche3; homepage snapshot
SD0031,CR004,UNI08,,,SD0030,https://www.unimib.it/studiare,https://www.unimib.it/studiare,www.unimib.it,unimib.it,/studiare,master_reference,programmes_hub,html,0,10,,fetched,200,text/html; charset=UTF-8,https://www.unimib.it/studiare,STUDIARE | Università degli Studi di Milano-Bicocca,artifacts/runs/CR004_2026-04-03_tranche03_uni06_uni08/SD0031.html,0142025164008a55f78909fd926109a0d7282d2093f65fe8fd4aec9e0517b6de,.html,2026-04-03T17:16:57+02:00,raw_http,,tranche3; programmes hub snapshot
SD0032,CR004,UNI08,C015,J015,SD0031,https://www.unimib.it/triennale/comunicazione-interculturale,https://www.unimib.it/triennale/comunicazione-interculturale,www.unimib.it,unimib.it,/triennale/comunicazione-interculturale,course_seed,course_page,html,0,10,,fetched,200,text/html; charset=UTF-8,https://www.unimib.it/triennale/comunicazione-interculturale,Comunicazione interculturale | Università degli Studi di Milano-Bicocca,artifacts/runs/CR004_2026-04-03_tranche03_uni06_uni08/SD0032.html,e82b674d67fceca4180130c89cf7b455a764f5a00f6a37ed731891735025abe5,.html,2026-04-03T17:16:58+02:00,raw_http,,tranche3; official course page
SD0033,CR004,UNI08,C016,J016,SD0031,https://www.unimib.it/magistrale/teoria-tecnologia-comunicazione,https://www.unimib.it/magistrale/teoria-tecnologia-comunicazione,www.unimib.it,unimib.it,/magistrale/teoria-tecnologia-comunicazione,course_seed,course_page,html,0,10,,fetched,200,text/html; charset=UTF-8,https://www.unimib.it/magistrale/teoria-tecnologia-comunicazione,Teoria e tecnologia della comunicazione | Università degli Studi di Milano-Bicocca,artifacts/runs/CR004_2026-04-03_tranche03_uni06_uni08/SD0033.html,1c97cec5843bf0597af96144fba7b778e4714a0e69e785e7824053b228cf2a1d,.html,2026-04-03T17:16:58+02:00,raw_http,,tranche3; official course page
SD0034,CR005,UNI09,,,,https://www.unimi.it/,https://www.unimi.it/it,www.unimi.it,unimi.it,/it,master_reference,university_homepage,html,0,10,,fetched,200,text/html; charset=UTF-8,https://www.unimi.it/it,home | Università degli Studi di Milano Statale,artifacts/runs/CR005_2026-04-03_tranche04_uni09_uni11/SD0034.html,334bbed2469b67897a4fe4c056c546f730e233a2697a811f260153b67e93d394,.html,2026-04-03T17:24:49+02:00,raw_http,,tranche4; final URL redirects from root to /it
SD0035,CR005,UNI09,,,SD0034,https://www.unimi.it/it/corsi,https://www.unimi.it/it/corsi,www.unimi.it,unimi.it,/it/corsi,master_reference,programmes_hub,html,0,10,,fetched,200,text/html; charset=UTF-8,https://www.unimi.it/it/corsi,Corsi | Università degli Studi di Milano Statale,artifacts/runs/CR005_2026-04-03_tranche04_uni09_uni11/SD0035.html,e96b1a4748cd920a72598fbb4cf7e6e8031f9ad2df92be00fbec6f7760dafffc,.html,2026-04-03T17:24:49+02:00,raw_http,,tranche4; programmes hub snapshot
SD0036,CR005,UNI09,C017,J017,SD0035,https://www.unimi.it/it/corsi/laurea-triennale/comunicazione-e-societa-ces,https://www.unimi.it/it/corsi/laurea-triennale/comunicazione-e-societa-ces,www.unimi.it,unimi.it,/it/corsi/laurea-triennale/comunicazione-e-societa-ces,course_seed,course_page,html,0,10,,fetched,200,text/html; charset=UTF-8,https://www.unimi.it/it/corsi/laurea-triennale/comunicazione-e-societa-ces,Comunicazione e società (CES) | Università degli Studi di Milano Statale,artifacts/runs/CR005_2026-04-03_tranche04_uni09_uni11/SD0036.html,400421ac5f2997bcb9fdbbe05dfb0f8f4e5ff328cd664a30828459dbe5319a60,.html,2026-04-03T17:24:49+02:00,raw_http,,tranche4; official course page
SD0037,CR005,UNI09,C018,J018,SD0035,https://www.unimi.it/it/corsi/laurea-magistrale/editoria-culture-della-comunicazione-e-della-moda,https://www.unimi.it/it/corsi/laurea-magistrale/editoria-culture-della-comunicazione-e-della-moda,www.unimi.it,unimi.it,/it/corsi/laurea-magistrale/editoria-culture-della-comunicazione-e-della-moda,course_seed,course_page,html,0,10,,fetched,200,text/html; charset=UTF-8,https://www.unimi.it/it/corsi/laurea-magistrale/editoria-culture-della-comunicazione-e-della-moda,"Editoria, culture della comunicazione e della moda | Università degli Studi di Milano Statale",artifacts/runs/CR005_2026-04-03_tranche04_uni09_uni11/SD0037.html,697dfd4278d2bd3ef53f614aa95deab89752d73d5a42721eee6bf1f4f08866bf,.html,2026-04-03T17:24:50+02:00,raw_http,,tranche4; official course page
SD0038,CR005,UNI10,,,,https://www.uninsubria.it/,https://www.uninsubria.it/,www.uninsubria.it,uninsubria.it,/,master_reference,university_homepage,html,0,10,,fetched,200,text/html; charset=UTF-8,https://www.uninsubria.it/,Home page | Università degli studi dell'Insubria,artifacts/runs/CR005_2026-04-03_tranche04_uni09_uni11/SD0038.html,622d5e9355087cb4eec7c1848932248d4e12d64d93a37c4e352e8e0ba8d5845f,.html,2026-04-03T17:24:50+02:00,raw_http,,tranche4; homepage snapshot
SD0039,CR005,UNI10,,,SD0038,https://www.uninsubria.it/formazione/offerta-formativa,https://www.uninsubria.it/formazione/offerta-formativa,www.uninsubria.it,uninsubria.it,/formazione/offerta-formativa,master_reference,programmes_hub,html,0,10,,http_error,404,text/html; charset=UTF-8,https://www.uninsubria.it/formazione/offerta-formativa,Pagina non trovata | Università degli studi dell'Insubria,artifacts/runs/CR005_2026-04-03_tranche04_uni09_uni11/SD0039.html,25ec97be83b36cef594f044d6c588ebfde3d61240b397d9dcace1c961a1fee91,.html,2026-04-03T17:24:51+02:00,raw_http,master programmes_hub_url returned HTTP 404,"tranche4; observed 404 on master programmes_hub_url, follow-up needed before journey collection"
SD0040,CR005,UNI10,C019,J019,SD0046,https://www.uninsubria.it/formazione/offerta-formativa/corsi-di-laurea/scienze-della-comunicazione,https://www.uninsubria.it/formazione/offerta-formativa/corsi-di-laurea/scienze-della-comunicazione,www.uninsubria.it,uninsubria.it,/formazione/offerta-formativa/corsi-di-laurea/scienze-della-comunicazione,course_seed,course_page,html,0,10,,fetched,200,text/html; charset=UTF-8,https://www.uninsubria.it/formazione/offerta-formativa/corsi-di-laurea/scienze-della-comunicazione,[SU02] SCIENZE DELLA COMUNICAZIONE | Università degli studi dell'Insubria,artifacts/runs/CR005_2026-04-03_tranche04_uni09_uni11/SD0040.html,4394f5d4c9eb1b698c7f3e8c34f8c9ce6d727503be7356ef7c01768affa4d7b4,.html,2026-04-03T17:24:51+02:00,raw_http,,tranche4; collected before hub normalization; parent relinked to normalized programmes hub SD0046 in CR006
SD0041,CR005,UNI10,C020,J020,SD0046,https://www.uninsubria.it/formazione/offerta-formativa/corsi-di-laurea/scienze-e-tecniche-della-comunicazione,https://www.uninsubria.it/formazione/offerta-formativa/corsi-di-laurea/scienze-e-tecniche-della-comunicazione,www.uninsubria.it,uninsubria.it,/formazione/offerta-formativa/corsi-di-laurea/scienze-e-tecniche-della-comunicazione,course_seed,course_page,html,0,10,,fetched,200,text/html; charset=UTF-8,https://www.uninsubria.it/formazione/offerta-formativa/corsi-di-laurea/scienze-e-tecniche-della-comunicazione,[SU03] SCIENZE E TECNICHE DELLA COMUNICAZIONE | Università degli studi dell'Insubria,artifacts/runs/CR005_2026-04-03_tranche04_uni09_uni11/SD0041.html,78e9d7509b01c9c0bdbebd40ef1118bc1760deb6d2daa83bd6048f1686a2be21,.html,2026-04-03T17:24:52+02:00,raw_http,,tranche4; collected before hub normalization; parent relinked to normalized programmes hub SD0046 in CR006
SD0042,CR005,UNI11,,,,https://www.unisa.it/,https://www.unisa.it/,www.unisa.it,unisa.it,/,master_reference,university_homepage,html,0,10,,fetched,200,text/html; charset=UTF-8,https://www.unisa.it/,UNISA | Home,artifacts/runs/CR005_2026-04-03_tranche04_uni09_uni11/SD0042.html,2ac8e222e03d35c39e26babd7e0d9fd718bed9d51c31207e66c11be947aff8a4,.html,2026-04-03T17:24:53+02:00,raw_http,,tranche4; homepage snapshot
SD0043,CR005,UNI11,,,SD0042,https://web.unisa.it/didattica/corsi-laurea,https://web.unisa.it/didattica/corsi-laurea,web.unisa.it,unisa.it,/didattica/corsi-laurea,master_reference,programmes_hub,html,0,10,,fetched,200,text/html; charset=UTF-8,https://web.unisa.it/didattica/corsi-laurea,Didattica | Corsi di Laurea e Laurea Magistrale,artifacts/runs/CR005_2026-04-03_tranche04_uni09_uni11/SD0043.html,832f48280f304389e4f0e36ca36f8e3861fb30ca3498625f4c937f10a560548f,.html,2026-04-03T17:24:54+02:00,raw_http,,tranche4; programmes hub snapshot
SD0044,CR005,UNI11,C021,J021,SD0043,https://corsi.unisa.it/scienze-della-comunicazione,https://corsi.unisa.it/scienze-della-comunicazione,corsi.unisa.it,unisa.it,/scienze-della-comunicazione,course_seed,course_page,html,0,10,,fetched,200,text/html; charset=UTF-8,https://corsi.unisa.it/scienze-della-comunicazione,Scienze della Comunicazione | Home,artifacts/runs/CR005_2026-04-03_tranche04_uni09_uni11/SD0044.html,841e0ccac485aaf5ae6c02c39d6784ee494c1ed2d7ffbe13e172545631975ef4,.html,2026-04-03T17:24:55+02:00,raw_http,,tranche4; official course portal
SD0045,CR005,UNI11,C022,J022,SD0043,https://corsi.unisa.it/corporate-communication-e-media,https://corsi.unisa.it/corporate-communication-e-media,corsi.unisa.it,unisa.it,/corporate-communication-e-media,course_seed,course_page,html,0,10,,fetched,200,text/html; charset=UTF-8,https://corsi.unisa.it/corporate-communication-e-media,Corporate Communication e Media | Home,artifacts/runs/CR005_2026-04-03_tranche04_uni09_uni11/SD0045.html,7f6595d1c3009645d80f88e33709555fdff3446ddc518fe69e3119ff5f7897de,.html,2026-04-03T17:24:56+02:00,raw_http,,tranche4; official course portal
SD0046,CR006,UNI10,,,SD0038,https://www.uninsubria.it/formazione/la-nostra-didattica,https://www.uninsubria.it/formazione/la-nostra-didattica,www.uninsubria.it,uninsubria.it,/formazione/la-nostra-didattica,master_reference,programmes_hub,html,0,10,,fetched,200,text/html; charset=UTF-8,https://www.uninsubria.it/formazione/la-nostra-didattica,La nostra didattica | Università degli studi dell'Insubria,artifacts/runs/CR006_2026-04-03_insubria_hub_normalization/SD0046.html,6b286e31cea6366a08018e6b63f29378843b38e51e1a41cc972affc1c5611cdb,.html,2026-04-03T17:25:20+02:00,raw_http,,CR006; normalized official programmes hub replacing dead /formazione/offerta-formativa URL observed in CR005
SD0047,CR007,UNI12,,,,https://www.uniroma3.it/,https://www.uniroma3.it/,www.uniroma3.it,uniroma3.it,/,master_reference,university_homepage,html,0,10,,fetched,200,text/html; charset=UTF-8,https://www.uniroma3.it/,Homepage - Università Roma Tre,artifacts/runs/CR007_2026-04-03_tranche05_uni12_uni14/SD0047.html,4199ffaeaa0f14d9fad5f90708e6eaacadb7a2409b368c5cb802e3c988e6312a,.html,2026-04-03T17:29:37+02:00,raw_http,,tranche5; homepage snapshot
SD0048,CR007,UNI12,,,SD0047,https://www.uniroma3.it/studiare/,https://www.uniroma3.it/internazionale/studiare-a-roma-tre/,www.uniroma3.it,uniroma3.it,/internazionale/studiare-a-roma-tre/,master_reference,programmes_hub,html,0,10,,fetched,200,text/html; charset=UTF-8,https://www.uniroma3.it/internazionale/studiare-a-roma-tre/,Studiare a Roma Tre - Università Roma Tre,artifacts/runs/CR007_2026-04-03_tranche05_uni12_uni14/SD0048.html,f2b5ade3d2b3768bc323607254faa3a3b727e8edece5efc308bdda08b950235d,.html,2026-04-03T17:29:54+02:00,raw_http,master programmes_hub_url redirected away from offerta formativa hub,"tranche5; master programmes_hub_url redirects to generic Studiare a Roma Tre page, follow-up normalization captured in CR008"
SD0049,CR007,UNI12,C023,J023,SD0059,https://www.uniroma3.it/corsi/dipartimento-di-filosofia-comunicazione-e-spettacolo/l/2025-2026/scienze-della-comunicazione-0580706202000001/,https://www.uniroma3.it/corsi/dipartimento-di-filosofia-comunicazione-e-spettacolo/l/2025-2026/scienze-della-comunicazione-0580706202000001/,www.uniroma3.it,uniroma3.it,/corsi/dipartimento-di-filosofia-comunicazione-e-spettacolo/l/2025-2026/scienze-della-comunicazione-0580706202000001/,course_seed,course_page,html,0,10,,fetched,200,text/html; charset=UTF-8,https://www.uniroma3.it/corsi/dipartimento-di-filosofia-comunicazione-e-spettacolo/l/2025-2026/scienze-della-comunicazione-0580706202000001/,Scienze della Comunicazione - Università Roma Tre,artifacts/runs/CR007_2026-04-03_tranche05_uni12_uni14/SD0049.html,c88bfd619dc907ccbb0e7e0fcaae90219daa0a17c55c0eb13481c65759135e6f,.html,2026-04-03T17:30:02+02:00,raw_http,,tranche5; collected before hub normalization; parent relinked to normalized programmes hub SD0059 in CR008
SD0050,CR007,UNI12,C024,J024,SD0059,https://www.uniroma3.it/corsi/dipartimento-di-filosofia-comunicazione-e-spettacolo/lm/2025-2026/scienze-cognitive-della-comunicazione-e-dellazione-0580707309300001/,https://www.uniroma3.it/corsi/dipartimento-di-filosofia-comunicazione-e-spettacolo/lm/2025-2026/scienze-cognitive-della-comunicazione-e-dellazione-0580707309300001/,www.uniroma3.it,uniroma3.it,/corsi/dipartimento-di-filosofia-comunicazione-e-spettacolo/lm/2025-2026/scienze-cognitive-della-comunicazione-e-dellazione-0580707309300001/,course_seed,course_page,html,0,10,,fetched,200,text/html; charset=UTF-8,https://www.uniroma3.it/corsi/dipartimento-di-filosofia-comunicazione-e-spettacolo/lm/2025-2026/scienze-cognitive-della-comunicazione-e-dellazione-0580707309300001/,Scienze Cognitive della Comunicazione e dell'Azione - Università Roma Tre,artifacts/runs/CR007_2026-04-03_tranche05_uni12_uni14/SD0050.html,b7acf1879e963bef939eb6f156ef89c64f36ca379dbca098dc7d1148f3e00840,.html,2026-04-03T17:30:13+02:00,raw_http,,tranche5; collected before hub normalization; parent relinked to normalized programmes hub SD0059 in CR008
SD0051,CR007,UNI13,,,,https://www.unipa.it/,https://www.unipa.it/,www.unipa.it,unipa.it,/,master_reference,university_homepage,html,0,10,,fetched,200,text/html;charset=UTF-8,https://www.unipa.it/,Università degli Studi di Palermo,artifacts/runs/CR007_2026-04-03_tranche05_uni12_uni14/SD0051.html,7856a5921085853f688060da0255cebb4c59af2883fca8e25b5de1ebe4c7906f,.html,2026-04-03T17:30:14+02:00,raw_http,,tranche5; homepage snapshot
SD0052,CR007,UNI13,,,SD0051,https://www.unipa.it/didattica/offerta-formativa/,https://www.unipa.it/errore.html?code=404&resource=/didattica/offerta-formativa/,www.unipa.it,unipa.it,/errore.html,master_reference,programmes_hub,html,0,10,,fetched,200,text/html;charset=UTF-8,https://www.unipa.it/errore.html?code=404&resource=/didattica/offerta-formativa/,| Università degli Studi di Palermo,artifacts/runs/CR007_2026-04-03_tranche05_uni12_uni14/SD0052.html,edaea877d0249974966711c8a7c01d2d6855c46c5f7555cd28d1295b1ff43f15,.html,2026-04-03T17:30:15+02:00,raw_http,master programmes_hub_url redirected to branded error page,"tranche5; master programmes_hub_url redirects to branded error page, follow-up normalization captured in CR009"
SD0053,CR007,UNI13,C025,J025,SD0060,https://www.unipa.it/dipartimenti/cultureesocieta/cds/scienzedellacomunicazione2447,https://www.unipa.it/dipartimenti/cultureesocieta/cds/scienzedellacomunicazione2447,www.unipa.it,unipa.it,/dipartimenti/cultureesocieta/cds/scienzedellacomunicazione2447,course_seed,course_page,html,0,10,,fetched,200,text/html;charset=UTF-8,https://www.unipa.it/dipartimenti/cultureesocieta/cds/scienzedellacomunicazione2447,2447 - SCIENZE DELLA COMUNICAZIONE | Università degli Studi di Palermo,artifacts/runs/CR007_2026-04-03_tranche05_uni12_uni14/SD0053.html,67a10df82d23a34546711cd40bc75aaf44a68be3a9619b8472db3f44f585ee90,.html,2026-04-03T17:30:15+02:00,raw_http,,tranche5; collected before hub normalization; parent relinked to normalized programmes hub SD0060 in CR009
SD0054,CR007,UNI13,C026,J026,SD0060,https://www.unipa.it/dipartimenti/cultureesocieta/cds/comunicazionedelpatrimonioculturale2215,https://www.unipa.it/dipartimenti/cultureesocieta/cds/comunicazionedelpatrimonioculturale2215,www.unipa.it,unipa.it,/dipartimenti/cultureesocieta/cds/comunicazionedelpatrimonioculturale2215,course_seed,course_page,html,0,10,,fetched,200,text/html;charset=UTF-8,https://www.unipa.it/dipartimenti/cultureesocieta/cds/comunicazionedelpatrimonioculturale2215,2215 - COMUNICAZIONE DEL PATRIMONIO CULTURALE | Università degli Studi di Palermo,artifacts/runs/CR007_2026-04-03_tranche05_uni12_uni14/SD0054.html,ef2d3e4146d31179ec3420a8b8ceab9fd26e2b00be40333908f05a5db9a20baf,.html,2026-04-03T17:30:16+02:00,raw_http,,tranche5; collected before hub normalization; parent relinked to normalized programmes hub SD0060 in CR009
SD0055,CR007,UNI14,,,,https://www.unistrapg.it/,https://www.unistrapg.it/,www.unistrapg.it,unistrapg.it,/,master_reference,university_homepage,html,0,10,,fetched,200,text/html; charset=UTF-8,https://www.unistrapg.it/,Università per Stranieri di Perugia | Ambasciatrice dell'Italia nel mondo,artifacts/runs/CR007_2026-04-03_tranche05_uni12_uni14/SD0055.html,9b625b3f75f07241ef95771cc2ae5fb559124ebe27a0fc0bc95d7445c2fec1b0,.html,2026-04-03T17:30:16+02:00,raw_http,,tranche5; homepage snapshot
SD0056,CR007,UNI14,,,SD0055,https://www.unistrapg.it/offerta-formativa,https://www.unistrapg.it/offerta-formativa,www.unistrapg.it,unistrapg.it,/offerta-formativa,master_reference,programmes_hub,html,0,10,,fetched,200,text/html; charset=UTF-8,https://www.unistrapg.it/offerta-formativa,Offerta formativa,artifacts/runs/CR007_2026-04-03_tranche05_uni12_uni14/SD0056.html,c4a3dcbabf0abdbd70f80d553309cf56dbf89776e10e942108776acf645b7827,.html,2026-04-03T17:30:16+02:00,raw_http,,tranche5; programmes hub snapshot
SD0057,CR007,UNI14,C027,J027,SD0056,https://www.unistrapg.it/comip,https://www.unistrapg.it/offerta-formativa/corsi-di-laurea-e-laurea-magistrale/corso-di-laurea-comunicazione-internazionale-e-pubblicitaria-comip,www.unistrapg.it,unistrapg.it,/offerta-formativa/corsi-di-laurea-e-laurea-magistrale/corso-di-laurea-comunicazione-internazionale-e-pubblicitaria-comip,course_seed,course_page,html,0,10,,fetched,200,text/html; charset=UTF-8,https://www.unistrapg.it/offerta-formativa/corsi-di-laurea-e-laurea-magistrale/corso-di-laurea-comunicazione-internazionale-e-pubblicitaria-comip,Corso di laurea in Comunicazione internazionale e pubblicitaria (ComIP),artifacts/runs/CR007_2026-04-03_tranche05_uni12_uni14/SD0057.html,435cdc1b89fa16d12b4eff948a0d2082876415ae1a607108b1a314ec6caa5ab6,.html,2026-04-03T17:30:17+02:00,raw_http,,tranche5; source seed redirects to canonical offerta formativa course page
SD0058,CR007,UNI14,C028,J028,SD0056,https://www.unistrapg.it/offerta-formativa/corsi-di-laurea-e-laurea-magistrale/corso-di-laurea-magistrale-comunicazione-pubblicitaria-storytelling-e-cultura-dimmagine-compsi,https://www.unistrapg.it/offerta-formativa/corsi-di-laurea-e-laurea-magistrale/corso-di-laurea-magistrale-comunicazione-pubblicitaria-storytelling-e-cultura-dimmagine-compsi,www.unistrapg.it,unistrapg.it,/offerta-formativa/corsi-di-laurea-e-laurea-magistrale/corso-di-laurea-magistrale-comunicazione-pubblicitaria-storytelling-e-cultura-dimmagine-compsi,course_seed,course_page,html,0,10,,fetched,200,text/html; charset=UTF-8,https://www.unistrapg.it/offerta-formativa/corsi-di-laurea-e-laurea-magistrale/corso-di-laurea-magistrale-comunicazione-pubblicitaria-storytelling-e-cultura-dimmagine-compsi,"Corso di laurea magistrale in Comunicazione pubblicitaria, storytelling e cultura d'immagine (ComPSI)",artifacts/runs/CR007_2026-04-03_tranche05_uni12_uni14/SD0058.html,cda23b4fcab303fb93a4aaf56c41867d9ed79b119a094909d3f062f237345e7f,.html,2026-04-03T17:30:17+02:00,raw_http,,tranche5; official course page
SD0059,CR008,UNI12,,,SD0047,https://www.uniroma3.it/didattica/offerta-formativa/,https://www.uniroma3.it/didattica/offerta-formativa/,www.uniroma3.it,uniroma3.it,/didattica/offerta-formativa/,master_reference,programmes_hub,html,0,10,,fetched,200,text/html; charset=UTF-8,https://www.uniroma3.it/didattica/offerta-formativa/,Offerta formativa - Università Roma Tre,artifacts/runs/CR008_2026-04-03_uniroma3_hub_normalization/SD0059.html,a138a092d9440ea8fddd9ecb95ae3f0cc7820b5691a371076f9d6d2731fd3c53,.html,2026-04-03T17:33:25+02:00,raw_http,,CR008; normalized official programmes hub replacing generic /studiare/ redirect observed in CR007
SD0060,CR009,UNI13,,,SD0051,https://www.unipa.it/didattica/offerta-formativa.html,https://www.unipa.it/didattica/offerta-formativa.html,www.unipa.it,unipa.it,/didattica/offerta-formativa.html,master_reference,programmes_hub,html,0,10,,fetched,200,text/html;charset=UTF-8,https://www.unipa.it/didattica/offerta-formativa.html,Offerta Formativa | Didattica | Università degli Studi di Palermo,artifacts/runs/CR009_2026-04-03_unipa_hub_normalization/SD0060.html,6d50122adcbb027f25d02d26f0712ebcb521928a56cca885fadb4277aba2132f,.html,2026-04-03T17:33:26+02:00,raw_http,,CR009; normalized official programmes hub replacing dead /didattica/offerta-formativa/ redirect observed in CR007
SD0061,CR010,UNI15,,,,https://www.uniurb.it/,https://www.uniurb.it/,www.uniurb.it,uniurb.it,/,master_reference,university_homepage,html,0,10,,fetched,200,text/html; charset=UTF-8,https://www.uniurb.it/,Università degli Studi di Urbino Carlo Bo,artifacts/runs/CR010_2026-04-03_tranche06_uni15_uni17/SD0061.html,abefc48a3b107bc1eebdeccd53e1587b9b1a704856493f04864f39cddee8a833,.html,2026-04-03T17:44:40+02:00,raw_http,,tranche6; fetched with browser user-agent and HTTP/1.1 after empty reply on default curl; homepage snapshot
SD0062,CR010,UNI15,,,SD0061,https://www.uniurb.it/studia-con-noi/offerta-formativa,https://www.uniurb.it/studia-con-noi/offerta-formativa,www.uniurb.it,uniurb.it,/studia-con-noi/offerta-formativa,master_reference,programmes_hub,html,0,10,,fetched,200,text/html; charset=UTF-8,https://www.uniurb.it/studia-con-noi/offerta-formativa,Università degli Studi di Urbino Carlo Bo,artifacts/runs/CR010_2026-04-03_tranche06_uni15_uni17/SD0062.html,ca9c591212850e7ae9921dba70755b28eefbdad7713f78502073f2264a1f87bc,.html,2026-04-03T17:44:40+02:00,raw_http,master programmes_hub_url resolves to custom 404 page,tranche6; fetched with browser user-agent and HTTP/1.1 after empty reply on default curl; soft 404 normalized in CR011
SD0063,CR010,UNI15,C029,J029,SD0073,https://www.uniurb.it/corsi/1757256,https://www.uniurb.it/corsi/1757256,www.uniurb.it,uniurb.it,/corsi/1757256,course_seed,course_page,html,0,10,,fetched,200,text/html; charset=UTF-8,https://www.uniurb.it/corsi/1757256,"INFORMAZIONE, MEDIA, PUBBLICITÀ - A.A. 2025/2026 - LAUREA",artifacts/runs/CR010_2026-04-03_tranche06_uni15_uni17/SD0063.html,fc79b8039b171d1ee4694b9e5082358e0c6d0ec2c5623d6ae1415df941109370,.html,2026-04-03T17:44:41+02:00,raw_http,,tranche6; fetched with browser user-agent and HTTP/1.1 after empty reply on default curl; parent relinked to normalized programmes hub SD0073 in CR011
SD0064,CR010,UNI15,C030,J030,SD0073,https://www.uniurb.it/corsi/1757220,https://www.uniurb.it/corsi/1757220,www.uniurb.it,uniurb.it,/corsi/1757220,course_seed,course_page,html,0,10,,fetched,200,text/html; charset=UTF-8,https://www.uniurb.it/corsi/1757220,COMUNICAZIONE DIGITALE PER LA CULTURA - A.A. 2025/2026 - LAUREA MAGISTRALE,artifacts/runs/CR010_2026-04-03_tranche06_uni15_uni17/SD0064.html,2d7e0a1d1810c881c8979109139a32f9ccf12bf14fa93c568391987e9fb1a93b,.html,2026-04-03T17:44:42+02:00,raw_http,,tranche6; fetched with browser user-agent and HTTP/1.1 after empty reply on default curl; parent relinked to normalized programmes hub SD0073 in CR011
SD0065,CR010,UNI16,,,,https://www.uninettunouniversity.net/,http://www.uninettunouniversity.net/en/default.aspx,www.uninettunouniversity.net,uninettunouniversity.net,/en/default.aspx,master_reference,university_homepage,html,0,10,,fetched,200,text/html; charset=utf-8,http://www.uninettunouniversity.net/en/default.aspx,International Telematic University UNINETTUNO: Online Degree,artifacts/runs/CR010_2026-04-03_tranche06_uni15_uni17/SD0065.html,367327a128bd6649c9ae20ea09c4375c9556071dfdb217c2da76169bbf56cb99,.html,2026-04-03T17:43:46+02:00,raw_http,,tranche6; source seed redirects from root to English default homepage
SD0066,CR010,UNI16,,,SD0065,https://www.uninettunouniversity.net/it/facoltascienzacomunicaz.aspx,http://www.uninettunouniversity.net/it/laurea-scienze-della-comunicazione.aspx,www.uninettunouniversity.net,uninettunouniversity.net,/it/laurea-scienze-della-comunicazione.aspx,master_reference,programmes_hub,html,0,10,,fetched,200,text/html; charset=utf-8,http://www.uninettunouniversity.net/it/laurea-scienze-della-comunicazione.aspx,Laurea in Scienze della Comunicazione On Line: la Facoltà Telematica,artifacts/runs/CR010_2026-04-03_tranche06_uni15_uni17/SD0066.html,959358a59495f57d4e5db3b10421d3951592b8de58e300bf91b72352188117a6,.html,2026-04-03T17:43:46+02:00,raw_http,,tranche6; source seed redirects to canonical laurea-scienze-della-comunicazione page
SD0067,CR010,UNI16,C031,J031,SD0066,https://www.uninettunouniversity.net/it/indirizzo-comunicazione-digitale-d-impresa.aspx?degree=334&faculty=7&idindirizzo=179&mode=cs,https://www.uninettunouniversity.net/it/indirizzo-comunicazione-digitale-d-impresa.aspx?degree=334&faculty=7&idindirizzo=179&mode=cs,www.uninettunouniversity.net,uninettunouniversity.net,/it/indirizzo-comunicazione-digitale-d-impresa.aspx,course_seed,course_page,html,0,10,,fetched,200,text/html; charset=utf-8,https://www.uninettunouniversity.net/it/indirizzo-comunicazione-digitale-d-impresa.aspx?degree=334&faculty=7&idindirizzo=179&mode=cs,Indirizzo: Comunicazione digitale d'impresa,artifacts/runs/CR010_2026-04-03_tranche06_uni15_uni17/SD0067.html,498fac01d8b76195d9f24890a920fd8e0c8f2bce1c35774640c8662055a482d2,.html,2026-04-03T17:43:47+02:00,raw_http,,tranche6; official curriculum page
SD0068,CR010,UNI16,C032,J032,SD0066,https://www.uninettunouniversity.net/it/culture-linguaggi-e-strategie-per-la-comunicazione-nell-era-digitale.aspx,https://www.uninettunouniversity.net/it/culture-linguaggi-e-strategie-per-la-comunicazione-nell-era-digitale.aspx,www.uninettunouniversity.net,uninettunouniversity.net,/it/culture-linguaggi-e-strategie-per-la-comunicazione-nell-era-digitale.aspx,course_seed,course_page,html,0,10,,fetched,200,text/html; charset=utf-8,https://www.uninettunouniversity.net/it/culture-linguaggi-e-strategie-per-la-comunicazione-nell-era-digitale.aspx,"Culture, linguaggi e strategie per la comunicazione nell'era digitale",artifacts/runs/CR010_2026-04-03_tranche06_uni15_uni17/SD0068.html,d4b66574f266bae46bd7dfb09092332b416abb98c451a0b9bd5ae9f9d96912d8,.html,2026-04-03T17:43:47+02:00,raw_http,,tranche6; official course page
SD0069,CR010,UNI17,,,,https://www.unical.it/,https://www.unical.it/,www.unical.it,unical.it,/,master_reference,university_homepage,html,0,10,,fetched,200,text/html; charset=utf-8,https://www.unical.it/,Portale istituzionale - Università della Calabria,artifacts/runs/CR010_2026-04-03_tranche06_uni15_uni17/SD0069.html,665f956e904127108c7d60cf8216867d9273405a51ddf486f2c0755b3ca04629,.html,2026-04-03T17:43:48+02:00,raw_http,,tranche6; homepage snapshot
SD0070,CR010,UNI17,,,SD0069,https://www.unical.it/didattica/offerta-formativa/,https://www.unical.it/didattica/offerta-formativa/,www.unical.it,unical.it,/didattica/offerta-formativa/,master_reference,programmes_hub,html,0,10,,fetched,200,text/html; charset=utf-8,https://www.unical.it/didattica/offerta-formativa/,Offerta Formativa - Università della Calabria,artifacts/runs/CR010_2026-04-03_tranche06_uni15_uni17/SD0070.html,bff5d261fef88866f5a37ab2fe9860403577f8ce62171cd949e97c09e569690e,.html,2026-04-03T17:43:49+02:00,raw_http,,tranche6; programmes hub snapshot
SD0071,CR010,UNI17,C033,J033,SD0070,https://corsi.unical.it/lt-lmcu/comunicazione-e-dams/cds/corso/?lang=it,https://corsi.unical.it/lt-lmcu/comunicazione-e-dams/cds/corso/?lang=it,corsi.unical.it,unical.it,/lt-lmcu/comunicazione-e-dams/cds/corso/,course_seed,course_page,html,0,10,,fetched,200,text/html; charset=utf-8,https://corsi.unical.it/lt-lmcu/comunicazione-e-dams/cds/corso/?lang=it,Il Corso - COMUNICAZIONE E DAMS - Corsi di Laurea,artifacts/runs/CR010_2026-04-03_tranche06_uni15_uni17/SD0071.html,f2f03d0f9383685bc28b9ae1ab335ccf6bdad60a9636c6af3e23500e5a52c8b5,.html,2026-04-03T17:43:51+02:00,raw_http,,tranche6; official course page
SD0072,CR010,UNI17,C034,J034,SD0070,https://corsi.unical.it/lm/linguaggi-della-comunicazione-e-dello-spettacolo/,https://corsi.unical.it/lm/linguaggi-della-comunicazione-e-dello-spettacolo/,corsi.unical.it,unical.it,/lm/linguaggi-della-comunicazione-e-dello-spettacolo/,course_seed,course_page,html,0,10,,fetched,200,text/html; charset=utf-8,https://corsi.unical.it/lm/linguaggi-della-comunicazione-e-dello-spettacolo/,LINGUAGGI DELLA COMUNICAZIONE E DELLO SPETTACOLO - Corsi di Laurea,artifacts/runs/CR010_2026-04-03_tranche06_uni15_uni17/SD0072.html,f0e36dcd83f83378147d08426827ac36a6385950c054dce0e568f1db39168530,.html,2026-04-03T17:43:52+02:00,raw_http,,tranche6; official course page
SD0073,CR011,UNI15,,,SD0061,https://www.uniurb.it/studiaconnoi/futuri-studenti/corsi-di-studio,https://www.uniurb.it/studiaconnoi/futuri-studenti/corsi-di-studio,www.uniurb.it,uniurb.it,/studiaconnoi/futuri-studenti/corsi-di-studio,master_reference,programmes_hub,html,0,10,,fetched,200,text/html; charset=UTF-8,https://www.uniurb.it/studiaconnoi/futuri-studenti/corsi-di-studio,Corsi di laurea - Università di Urbino,artifacts/runs/CR011_2026-04-03_uniurb_hub_normalization/SD0073.html,1c9fbd88e33164c41dfed1ac7fc49534a48f6f5f4dc8b46ec47969eda001ddad,.html,2026-04-03T17:50:09+02:00,raw_http,,CR011; normalized official programmes hub replacing soft 404 /studia-con-noi/offerta-formativa observed in CR010
SD0074,CR012,UNI18,,,,https://www.unina.it/,https://www.unina.it/it/,www.unina.it,unina.it,/it/,master_reference,university_homepage,html,0,10,,fetched,200,text/html;charset=UTF-8,https://www.unina.it/it/,Home - Unina,artifacts/runs/CR012_2026-04-07_tranche07_uni18_uni20/SD0074.html,fdb85d3d6b4a7c545f43f8df426591dc852a4dc40975fdd7abe38b924a24867c,.html,2026-04-07T14:25:58+02:00,raw_http,,tranche7; fetched with browser user-agent and HTTP/1.1 after default curl returned 403; final URL redirects from root to /it/
SD0075,CR012,UNI18,,,SD0074,https://www.unina.it/didattica/offerta-didattica,https://www.old.unina.it/web/guest/didattica,www.old.unina.it,unina.it,/web/guest/didattica,master_reference,programmes_hub,html,0,10,,fetched,200,text/html,https://www.old.unina.it/web/guest/didattica,,artifacts/runs/CR012_2026-04-07_tranche07_uni18_uni20/SD0075.html,66687aadf862bd776c8fc18b8e9f8e20089714856ee233b3902a591d0d5f2925,.html,2026-04-07T14:25:59+02:00,raw_http,master programmes_hub_url redirected to legacy old.unina blank page,tranche7; fetched with browser user-agent and HTTP/1.1 after default curl returned 403; legacy redirect normalized in CR013
SD0076,CR012,UNI18,C035,J035,SD0087,https://www.corsi.unina.it/D27/home,https://www.corsi.unina.it/D27/home,www.corsi.unina.it,unina.it,/D27/home,course_seed,course_page,html,0,10,,fetched,200,text/html,https://www.corsi.unina.it/D27/home,Corsi di Studio | Unina.it,artifacts/runs/CR012_2026-04-07_tranche07_uni18_uni20/SD0076.html,26288a8afbce75f9736dbc26c7df327d5dbcfc78f42074d81a2269f037d7bcc6,.html,2026-04-07T14:23:15+02:00,raw_http,,tranche7; JS-heavy course portal shell page collected before hub normalization; parent relinked to normalized programmes hub SD0087 in CR013
SD0077,CR012,UNI18,C036,J036,SD0087,https://www.corsi.unina.it/DA2/home,https://www.corsi.unina.it/DA2/home,www.corsi.unina.it,unina.it,/DA2/home,course_seed,course_page,html,0,10,,fetched,200,text/html,https://www.corsi.unina.it/DA2/home,Corsi di Studio | Unina.it,artifacts/runs/CR012_2026-04-07_tranche07_uni18_uni20/SD0077.html,26288a8afbce75f9736dbc26c7df327d5dbcfc78f42074d81a2269f037d7bcc6,.html,2026-04-07T14:23:15+02:00,raw_http,,tranche7; JS-heavy course portal shell page collected before hub normalization; parent relinked to normalized programmes hub SD0087 in CR013
SD0078,CR012,UNI19,,,,https://www.unibg.it/,https://www.unibg.it/,www.unibg.it,unibg.it,/,master_reference,university_homepage,html,0,10,,fetched,200,text/html; charset=UTF-8,https://www.unibg.it/,Università degli studi di Bergamo | UniBg,artifacts/runs/CR012_2026-04-07_tranche07_uni18_uni20/SD0078.html,4e5a6cc59bc216129bd588b5fe45906342ffa70f4daba0a07fbe762597a43fc1,.html,2026-04-07T14:23:16+02:00,raw_http,,tranche7; homepage snapshot
SD0079,CR012,UNI19,,,SD0078,https://www.unibg.it/studiare/corsi,https://www.unibg.it/studiare/corsi,www.unibg.it,unibg.it,/studiare/corsi,master_reference,programmes_hub,html,0,10,,fetched,200,text/html; charset=UTF-8,https://www.unibg.it/studiare/corsi,I corsi | Università degli studi di Bergamo,artifacts/runs/CR012_2026-04-07_tranche07_uni18_uni20/SD0079.html,f7ecea380be406b4ce90b78273720d5ce3671f13d8a4e858a053cfbd3d510306,.html,2026-04-07T14:23:16+02:00,raw_http,,tranche7; programmes hub snapshot
SD0080,CR012,UNI19,C037,J037,SD0079,https://www.unibg.it/studiare/corsi/offertaformativa/scienze-comunicazione,https://www.unibg.it/studiare/corsi/offertaformativa/scienze-comunicazione,www.unibg.it,unibg.it,/studiare/corsi/offertaformativa/scienze-comunicazione,course_seed,course_page,html,0,10,,fetched,200,text/html; charset=UTF-8,https://www.unibg.it/studiare/corsi/offertaformativa/scienze-comunicazione,[92-R] SCIENZE DELLA COMUNICAZIONE | Università degli studi di Bergamo,artifacts/runs/CR012_2026-04-07_tranche07_uni18_uni20/SD0080.html,c8757512bb70edc31923e49398e84bb07e6db9de6611c7892b1c9f20a2acf04b,.html,2026-04-07T14:23:17+02:00,raw_http,,tranche7; official course page
SD0081,CR012,UNI19,C038,J038,SD0079,https://ls-vpcm.unibg.it/it,https://ls-vpcm.unibg.it/it,ls-vpcm.unibg.it,unibg.it,/it,course_seed,course_page,html,0,10,,fetched,200,text/html; charset=utf-8,https://ls-vpcm.unibg.it/it,Valorizzazione del Patrimonio Culturale Materiale e Immateriale | UniBG,artifacts/runs/CR012_2026-04-07_tranche07_uni18_uni20/SD0081.html,aad1c377da6cae395e3828ddc5e588b9cf173ddade0d73997494d55a289ea36a,.html,2026-04-07T14:23:18+02:00,raw_http,,tranche7; official interclass course site
SD0082,CR012,UNI20,,,,https://www.unitn.it/,https://www.unitn.it/it,www.unitn.it,unitn.it,/it,master_reference,university_homepage,html,0,10,,fetched,200,text/html; charset=UTF-8,https://www.unitn.it/it,UniTrento,artifacts/runs/CR012_2026-04-07_tranche07_uni18_uni20/SD0082.html,4c101421470c39265846b8b59508ebcc82c108dd0c69eb9fabec2174f6ec6ac2,.html,2026-04-07T14:23:19+02:00,raw_http,,tranche7; final URL redirects from root to /it
SD0083,CR012,UNI20,,,SD0082,https://www.unitn.it/it/corsi,https://www.unitn.it/it/corsi,www.unitn.it,unitn.it,/it/corsi,master_reference,programmes_hub,html,0,10,,fetched,200,text/html; charset=UTF-8,https://www.unitn.it/it/corsi,Corsi | UniTrento,artifacts/runs/CR012_2026-04-07_tranche07_uni18_uni20/SD0083.html,9a246c0cb1fbbe9a259380946dbe7919b568b659c5eae8db31c3d81f9467d2f1,.html,2026-04-07T14:23:20+02:00,raw_http,,tranche7; programmes hub snapshot
SD0084,CR012,UNI20,C039,J039,SD0083,https://corsi.unitn.it/it/beni-culturali,https://corsi.unitn.it/it/beni-culturali,corsi.unitn.it,unitn.it,/it/beni-culturali,course_seed,course_page,html,0,10,,fetched,200,text/html; charset=UTF-8,https://corsi.unitn.it/it/beni-culturali,Beni culturali | UniTrento,artifacts/runs/CR012_2026-04-07_tranche07_uni18_uni20/SD0084.html,28d67620e14f5473b374688b4813a3562bea5304f8d1f0818790e3afa887b5b2,.html,2026-04-07T14:23:21+02:00,raw_http,,tranche7; official course page
SD0085,CR012,UNI20,C040,J040,SD0083,https://corsi.unitn.it/it/organizzazione-societa-e-tecnologia,https://corsi.unitn.it/it/organizzazione-societa-e-tecnologia,corsi.unitn.it,unitn.it,/it/organizzazione-societa-e-tecnologia,course_seed,course_page,html,0,10,,fetched,200,text/html; charset=UTF-8,https://corsi.unitn.it/it/organizzazione-societa-e-tecnologia,"Organizzazione, società e tecnologia | UniTrento",artifacts/runs/CR012_2026-04-07_tranche07_uni18_uni20/SD0085.html,4f4cb31f38f07a5edebd68e5cc7261baf7a1f82b67820a20d4c3950dc66b476c,.html,2026-04-07T14:23:21+02:00,raw_http,,tranche7; official course page
SD0086,CR012,UNI20,C041,J041,SD0083,https://corsi.unitn.it/it/giurisprudenza,https://corsi.unitn.it/it/giurisprudenza,corsi.unitn.it,unitn.it,/it/giurisprudenza,course_seed,course_page,html,0,10,,fetched,200,text/html; charset=UTF-8,https://corsi.unitn.it/it/giurisprudenza,Giurisprudenza | UniTrento,artifacts/runs/CR012_2026-04-07_tranche07_uni18_uni20/SD0086.html,a12beb438a7ff9c55b74f19c358f16885a7bac8eedd9d13fe5a121ce7f8e55cb,.html,2026-04-07T14:23:22+02:00,raw_http,,tranche7; official course page
SD0087,CR013,UNI18,,,SD0074,https://www.unina.it/it/didattica/offerta-formativa,https://www.unina.it/it/didattica/offerta-formativa,www.unina.it,unina.it,/it/didattica/offerta-formativa,master_reference,programmes_hub,html,0,10,,fetched,200,text/html;charset=UTF-8,https://www.unina.it/it/didattica/offerta-formativa,Offerta formativa - Unina,artifacts/runs/CR013_2026-04-07_unina_hub_normalization/SD0087.html,c814b1b5b59a13ac67f24f3b1dbbb322d4b1cc8a7e6b8c66d1bb9fd75fa01b68,.html,2026-04-07T14:28:43+02:00,raw_http,,CR013; normalized official programmes hub replacing legacy /didattica/offerta-didattica redirect observed in CR012
SD0088,CR015,UNI02,,,SD0006,https://www.unipd.it/corsi-di-laurea,https://www.unipd.it/corsi-di-laurea,www.unipd.it,unipd.it,/corsi-di-laurea,normalization_check,programmes_hub,html,0,10,,fetched,200,text/html; charset=utf-8,https://www.unipd.it/corsi-di-laurea,Corsi | Università di Padova,artifacts/runs/CR015_2026-04-20_unipd_platform_normalization/SD0088.html,f0cd2bf41b853760d0b5c50585beb7a374d58748d38800c80bd4680b9b81b27e,.html,2026-04-20T10:00:00+02:00,raw_http,,CR015; Next.js/React shell; course listing client-side rendered; robots.txt Disallow: *; canonical hub for UNI02 post platform migration; replaces dead /offerta-didattica (SD0006 captured redirect to /corsi in CR001)
SD0089,CR015,UNI02,C003,J003,SD0088,https://www.unipd.it/corsi-di-laurea/comunicazione,https://www.unipd.it/corsi-di-laurea/comunicazione,www.unipd.it,unipd.it,/corsi-di-laurea/comunicazione,normalization_check,course_page,html,0,10,,fetched,200,text/html; charset=utf-8,https://www.unipd.it/corsi-di-laurea/comunicazione,COMUNICAZIONE | Università di Padova,artifacts/runs/CR015_2026-04-20_unipd_platform_normalization/SD0089.html,6a239c9d6f66c956f3fe83f5d4d49ef91f99c74b6ca9e2044c7e72ef14ea6c13,.html,2026-04-20T10:00:00+02:00,raw_http,,CR015; new canonical URL for C003/J003 post Unipd platform migration; L-20 confirmed in static HTML; replaces dead SD0007 (/offerta-didattica/... -> 308 -> homepage)
SD0090,CR017,UNI02,C004,J004,SD0088,https://www.unipd.it/corsi-di-laurea/strategie-di-comunicazione,https://www.unipd.it/corsi-di-laurea/strategie-di-comunicazione,www.unipd.it,unipd.it,/corsi-di-laurea/strategie-di-comunicazione,normalization_check,course_page,html,0,10,,fetched,200,text/html; charset=utf-8,https://www.unipd.it/corsi-di-laurea/strategie-di-comunicazione,STRATEGIE DI COMUNICAZIONE | Università di Padova,artifacts/runs/CR017_2026-04-21_unipd_c004_resolution/SD0090.html,006ddf455ee1afa55cbb9fac07c5fb0abe86f0f9a97d01ae2a91e1b6616ed82d,.html,2026-04-21T16:39:11+02:00,raw_http,,CR017; canonical C004/J004 URL resolved on the current Next.js platform; replaces dead pre-migration /offerta-didattica seed
SD0091,CR019,UNI05,C010,J010,SD0018,https://www.unisi.it/ugov/degree/82714,https://www.unisi.it/ugov/degree/82714,www.unisi.it,unisi.it,/ugov/degree/82714,normalization_check,course_page,html,0,10,,fetched,200,text/html;charset=utf-8,https://www.unisi.it/ugov/degree/82714,[D615] STRATEGIE E TECNICHE DELLA COMUNICAZIONE | Università degli Studi di Siena,artifacts/runs/CR019_2026-04-21_unisi_c010_normalization/SD0091.html,1e6576afa666293d1ca7e0430619167a1fcd472a3562ee1c9d5a3f1952fb69c1,.html,2026-04-21T17:04:11+02:00,raw_http,,CR019; current official C010/J010 U-GOV sheet surfaced by Didattica > Corsi di studio 2025-2026; replaces historical D003 /ugov/degree/22463 as master target while older sheet remains in provenance
SD0092,CR000,UNI01,C002,J002,,https://corsi.unibo.it/magistrale/semiotica,https://corsi.unibo.it/magistrale/semiotica,corsi.unibo.it,unibo.it,/magistrale/semiotica,pilot_seed,course_page,homepage,0,10,,fetched,200,text/html;charset=utf-8,https://corsi.unibo.it/magistrale/semiotica,Semiotica - Laurea Magistrale - Bologna,,42cb17486260eb654644fa86a3a8868027fd77d4bfb2f3ce9e27bd7fbce11de3,.html,2026-04-02T12:43:29.325955+00:00,raw_http,,historical LM-92 pilot metadata integrated into collection; original raw HTML unavailable locally; original raw path=/private/tmp/area1_artifacts_test2/run_0001/semiotica/00001.html
SD0093,CR000,UNI02,C004,J004,,https://unipd.coursecatalogue.cineca.it/corsi/2025/12587,https://unipd.coursecatalogue.cineca.it/corsi/2025/12587,unipd.coursecatalogue.cineca.it,cineca.it,/corsi/2025/12587,pilot_seed,course_page,homepage,0,10,,fetched,200,text/html; charset=UTF-8,https://unipd.coursecatalogue.cineca.it/corsi/2025/12587,,artifacts/runs/CR000_2026-04-02_lm92_pilot_seed_capture/SD0093.html,b6909fd6929e7d5535488b09353ffe4fa0daf370cbf84e2221010e36ea00b4c6,.html,2026-04-02T12:43:29.461964+00:00,raw_http,,historical LM-92 pilot metadata integrated into collection; original raw HTML unavailable locally; original raw path=/private/tmp/area1_artifacts_test2/run_0001/strategie-di-comunicazione/00002.html
SD0094,CR000,UNI03,C006,J006,,https://www.cfs.unipi.it/orientamento-e-didattica/corsi-di-laurea-magistrale/comunicazione-media-tecnologie,https://www.cfs.unipi.it/orientamento-e-didattica/corsi-di-laurea-magistrale/comunicazione-media-tecnologie,www.cfs.unipi.it,unipi.it,/orientamento-e-didattica/corsi-di-laurea-magistrale/comunicazione-media-tecnologie,pilot_seed,course_page,homepage,0,10,,fetched,200,text/html; charset=UTF-8,https://www.cfs.unipi.it/orientamento-e-didattica/corsi-di-laurea-magistrale/comunicazione-media-tecnologie/,"Comunicazione, Media, Tecnologie • Dipartimento di Civiltà e Forme del Sapere",,6bac220c5aaafd7c704973c83b00bdc8195627bfe56723721a8fc91534a6c48d,.html,2026-04-02T12:43:31.819623+00:00,raw_http,,historical LM-92 pilot metadata integrated into collection; original raw HTML unavailable locally; original raw path=/private/tmp/area1_artifacts_test2/run_0001/comunicazione-media-tecnologie/00003.html
SD0095,CR000,UNI04,C008,J008,,https://www.pratichecomunicazione.unifi.it/index.php,https://www.pratichecomunicazione.unifi.it/index.php,www.pratichecomunicazione.unifi.it,unifi.it,/index.php,pilot_seed,course_page,homepage,0,10,,fetched,200,text/html; charset=UTF-8,https://www.pratichecomunicazione.unifi.it/index.php,"Corso di Laurea Magistrale in Pratiche, linguaggi e culture della comunicazione - UniFI",artifacts/runs/CR000_2026-04-02_lm92_pilot_seed_capture/SD0095.php,6368d2ede93e3f6288e5d7b67575e5207a7a8fe0aa41d8b99efdbde959a43ddd,.php,2026-04-02T12:43:31.977782+00:00,raw_http,,historical LM-92 pilot metadata integrated into collection; original raw HTML unavailable locally; original raw path=/private/tmp/area1_artifacts_test2/run_0001/pratiche-linguaggi-e-culture-della-comunicazione/00004.php
SD0096,CR000,UNI05,C010,J010,,https://comunicazione-tecniche-strategie.unisi.it/it,https://comunicazione-tecniche-strategie.unisi.it/it,comunicazione-tecniche-strategie.unisi.it,unisi.it,/it,pilot_seed,course_page,homepage,0,10,,fetched,200,text/html; charset=utf-8,https://comunicazione-tecniche-strategie.unisi.it/it,STRATEGIE E TECNICHE DELLA COMUNICAZIONE |,,641d6a6f20fbd920d11a1ef591a98b125165d1149519e0029b37b4d182d76b56,.html,2026-04-02T12:43:32.138770+00:00,raw_http,,historical LM-92 pilot metadata integrated into collection; original raw HTML unavailable locally; original raw path=/private/tmp/area1_artifacts_test2/run_0001/strategie-e-tecniche-della-comunicazione/00005.html
SD0097,CR000,UNI06,C012,J012,,https://media.campusnet.unito.it/do/home.pl,https://media.campusnet.unito.it/do/home.pl,media.campusnet.unito.it,unito.it,/do/home.pl,pilot_seed,course_page,homepage,0,10,,fetched,200,text/html; charset=UTF-8,https://media.campusnet.unito.it/do/home.pl,Homepage - Corso di laurea magistrale inComunicazione e Culture dei media - UniversitÃ degli Studi di Torino,,14e0a3b836eadbd0aef0626a17ac0dfb3e5b51eaa6a85dc1c8c9d91bfea3e151,.pl,2026-04-02T12:43:32.560186+00:00,raw_http,,historical LM-92 pilot metadata integrated into collection; original raw HTML unavailable locally; original raw path=/private/tmp/area1_artifacts_test2/run_0001/comunicazione-e-culture-dei-media/00006.pl
SD0098,CR000,UNI07,C014,J014,,https://corsi.unige.it/corsi/11945,https://corsi.unige.it/corsi/11945,corsi.unige.it,unige.it,/corsi/11945,pilot_seed,course_page,homepage,0,10,,fetched,200,text/html; charset=UTF-8,https://corsi.unige.it/corsi/11945,CORSO DI LAUREA MAGISTRALE (D.M. 1649/2023) in DIGITAL HUMANITIES - INTERACTIVE SYSTEMS AND DIGITAL MEDIA | UniGe | Università di Genova | Corsi di Studio UniGe,,b4e5f25c778c63ec1ed4b433ce22256a75ac0a9ebce7ad45aab406a8111d05ab,.html,2026-04-02T12:43:32.656584+00:00,raw_http,,historical LM-92 pilot metadata integrated into collection; original raw HTML unavailable locally; original raw path=/private/tmp/area1_artifacts_test2/run_0001/digital-humanities-interactive-systems-and-digit/00007.html
SD0099,CR000,UNI08,C016,J016,,https://www.unimib.it/magistrale/teoria-tecnologia-comunicazione,https://www.unimib.it/magistrale/teoria-tecnologia-comunicazione,www.unimib.it,unimib.it,/magistrale/teoria-tecnologia-comunicazione,pilot_seed,course_page,homepage,0,10,,fetched,200,text/html; charset=UTF-8,https://www.unimib.it/magistrale/teoria-tecnologia-comunicazione,Teoria e tecnologia della comunicazione | Università degli Studi di Milano-Bicocca,,3e2476f2072555b4c68ee41e72d0c59354a79c0a7b1e078e78144047249e1797,.html,2026-04-02T12:43:32.836897+00:00,raw_http,,historical LM-92 pilot metadata integrated into collection; original raw HTML unavailable locally; original raw path=/private/tmp/area1_artifacts_test2/run_0001/teoria-e-tecnologia-della-comunicazione/00008.html
SD0100,CR000,UNI09,C018,J018,,https://www.unimi.it/it/corsi/laurea-magistrale/editoria-culture-della-comunicazione-e-della-moda,https://www.unimi.it/it/corsi/laurea-magistrale/editoria-culture-della-comunicazione-e-della-moda,www.unimi.it,unimi.it,/it/corsi/laurea-magistrale/editoria-culture-della-comunicazione-e-della-moda,pilot_seed,course_page,homepage,0,10,,fetched,200,text/html; charset=UTF-8,https://www.unimi.it/it/corsi/laurea-magistrale/editoria-culture-della-comunicazione-e-della-moda,"Editoria, culture della comunicazione e della moda | Università degli Studi di Milano Statale",,7efb4cb6bdf5d88754c5eca67a4511b56b0174f52eaf1f36f9463d6ef2ebd860,.html,2026-04-02T12:43:32.990490+00:00,raw_http,,historical LM-92 pilot metadata integrated into collection; original raw HTML unavailable locally; original raw path=/private/tmp/area1_artifacts_test2/run_0001/editoria-culture-della-comunicazione-e-della-mod/00009.html
SD0101,CR000,UNI10,C020,J020,,https://www.uninsubria.it/formazione/offerta-formativa/corsi-di-laurea/scienze-e-tecniche-della-comunicazione,https://www.uninsubria.it/formazione/offerta-formativa/corsi-di-laurea/scienze-e-tecniche-della-comunicazione,www.uninsubria.it,uninsubria.it,/formazione/offerta-formativa/corsi-di-laurea/scienze-e-tecniche-della-comunicazione,pilot_seed,course_page,homepage,0,10,,fetched,200,text/html; charset=UTF-8,https://www.uninsubria.it/formazione/offerta-formativa/corsi-di-laurea/scienze-e-tecniche-della-comunicazione,[SU03] SCIENZE E TECNICHE DELLA COMUNICAZIONE | Università degli studi dell'Insubria,,f86b9706d5cb648481bb2bfa80a235bf8f244e0a72a74404351a83b24c9f0716,.html,2026-04-02T12:43:33.147879+00:00,raw_http,,historical LM-92 pilot metadata integrated into collection; original raw HTML unavailable locally; original raw path=/private/tmp/area1_artifacts_test2/run_0001/scienze-e-tecniche-della-comunicazione/00010.html
SD0102,CR000,UNI11,C022,J022,,https://corsi.unisa.it/corporate-communication-e-media,https://corsi.unisa.it/corporate-communication-e-media,corsi.unisa.it,unisa.it,/corporate-communication-e-media,pilot_seed,course_page,homepage,0,10,,fetched,200,text/html; charset=UTF-8,https://corsi.unisa.it/corporate-communication-e-media,Corporate Communication e Media | Home,artifacts/runs/CR000_2026-04-02_lm92_pilot_seed_capture/SD0102.html,7f6595d1c3009645d80f88e33709555fdff3446ddc518fe69e3119ff5f7897de,.html,2026-04-02T12:43:33.867988+00:00,raw_http,,historical LM-92 pilot metadata integrated into collection; original raw HTML unavailable locally; original raw path=/private/tmp/area1_artifacts_test2/run_0001/corporate-communication-e-media-interclasse-lm-5/00011.html
SD0103,CR000,UNI12,C024,J024,,https://www.uniroma3.it/corsi/dipartimento-di-filosofia-comunicazione-e-spettacolo/lm/2025-2026/scienze-cognitive-della-comunicazione-e-dellazione-0580707309300001,https://www.uniroma3.it/corsi/dipartimento-di-filosofia-comunicazione-e-spettacolo/lm/2025-2026/scienze-cognitive-della-comunicazione-e-dellazione-0580707309300001,www.uniroma3.it,uniroma3.it,/corsi/dipartimento-di-filosofia-comunicazione-e-spettacolo/lm/2025-2026/scienze-cognitive-della-comunicazione-e-dellazione-0580707309300001,pilot_seed,course_page,homepage,0,10,,fetched,200,text/html; charset=UTF-8,https://www.uniroma3.it/corsi/dipartimento-di-filosofia-comunicazione-e-spettacolo/lm/2025-2026/scienze-cognitive-della-comunicazione-e-dellazione-0580707309300001/,Scienze Cognitive della Comunicazione e dell'Azione - Università Roma Tre,,0566b8ad9c345594c54fb752ce96ea2961643a5219a7d25250d178beea895fe9,.html,2026-04-02T12:43:48.972592+00:00,raw_http,,historical LM-92 pilot metadata integrated into collection; original raw HTML unavailable locally; original raw path=/private/tmp/area1_artifacts_test2/run_0001/scienze-cognitive-della-comunicazione-e-dell-azi/00012.html
SD0104,CR000,UNI13,C026,J026,,https://www.unipa.it/dipartimenti/cultureesocieta/cds/comunicazionedelpatrimonioculturale2215,https://www.unipa.it/dipartimenti/cultureesocieta/cds/comunicazionedelpatrimonioculturale2215,www.unipa.it,unipa.it,/dipartimenti/cultureesocieta/cds/comunicazionedelpatrimonioculturale2215,pilot_seed,course_page,homepage,0,10,,fetched,200,text/html;charset=UTF-8,https://www.unipa.it/dipartimenti/cultureesocieta/cds/comunicazionedelpatrimonioculturale2215,2215 - COMUNICAZIONE DEL PATRIMONIO CULTURALE | Università degli Studi di Palermo,,51f44ae2aedc93a6846636cd07f943d04b2bc81ee7d67f9e96071c92952ce9df,.html,2026-04-02T12:43:49.415760+00:00,raw_http,,historical LM-92 pilot metadata integrated into collection; original raw HTML unavailable locally; original raw path=/private/tmp/area1_artifacts_test2/run_0001/comunicazione-del-patrimonio-culturale/00013.html
SD0105,CR000,UNI14,C028,J028,,https://www.unistrapg.it/offerta-formativa/corsi-di-laurea-e-laurea-magistrale/corso-di-laurea-magistrale-comunicazione-pubblicitaria-storytelling-e-cultura-dimmagine-compsi,https://www.unistrapg.it/offerta-formativa/corsi-di-laurea-e-laurea-magistrale/corso-di-laurea-magistrale-comunicazione-pubblicitaria-storytelling-e-cultura-dimmagine-compsi,www.unistrapg.it,unistrapg.it,/offerta-formativa/corsi-di-laurea-e-laurea-magistrale/corso-di-laurea-magistrale-comunicazione-pubblicitaria-storytelling-e-cultura-dimmagine-compsi,pilot_seed,course_page,homepage,0,10,,fetched,200,text/html; charset=UTF-8,https://www.unistrapg.it/offerta-formativa/corsi-di-laurea-e-laurea-magistrale/corso-di-laurea-magistrale-comunicazione-pubblicitaria-storytelling-e-cultura-dimmagine-compsi,"Corso di laurea magistrale in Comunicazione pubblicitaria, storytelling e cultura d'immagine (ComPSI)",,a402ca522219072015798cf9cf5ddde80851a48b6adf2852ed3280f86893d3c5,.html,2026-04-02T12:43:49.607334+00:00,raw_http,,historical LM-92 pilot metadata integrated into collection; original raw HTML unavailable locally; original raw path=/private/tmp/area1_artifacts_test2/run_0001/comunicazione-pubblicitaria-storytelling-e-cultu/00014.html
SD0106,CR000,UNI15,C030,J030,,https://www.uniurb.it/corsi/1757220,https://www.uniurb.it/corsi/1757220,www.uniurb.it,uniurb.it,/corsi/1757220,pilot_seed,course_page,homepage,0,10,,fetched,200,text/html; charset=UTF-8,https://www.uniurb.it/corsi/1757220,COMUNICAZIONE DIGITALE PER LA CULTURA - A.A. 2025/2026 - LAUREA MAGISTRALE,artifacts/runs/CR000_2026-04-02_lm92_pilot_seed_capture/SD0106.html,2d7e0a1d1810c881c8979109139a32f9ccf12bf14fa93c568391987e9fb1a93b,.html,2026-04-02T12:43:49.777526+00:00,raw_http,,historical LM-92 pilot metadata integrated into collection; original raw HTML unavailable locally; original raw path=/private/tmp/area1_artifacts_test2/run_0001/comunicazione-digitale-per-la-cultura/00015.html
SD0107,CR000,UNI16,C032,J032,,https://www.uninettunouniversity.net/it/culture-linguaggi-e-strategie-per-la-comunicazione-nell-era-digitale.aspx?degree=321&faculty=7&mode=cs,https://www.uninettunouniversity.net/it/culture-linguaggi-e-strategie-per-la-comunicazione-nell-era-digitale.aspx?degree=321&faculty=7&mode=cs,www.uninettunouniversity.net,uninettunouniversity.net,/it/culture-linguaggi-e-strategie-per-la-comunicazione-nell-era-digitale.aspx,pilot_seed,course_page,homepage,0,10,,fetched,200,text/html; charset=utf-8,https://www.uninettunouniversity.net/it/culture-linguaggi-e-strategie-per-la-comunicazione-nell-era-digitale.aspx?degree=321&faculty=7&mode=cs,"Culture, linguaggi e strategie per la comunicazione nell'era digitale",,e8eb73b2b1ef67e60365dfacb12f7b9ac9a8abba453b7703ad09b7c5d4237398,.aspx,2026-04-02T12:43:50.036547+00:00,raw_http,,historical LM-92 pilot metadata integrated into collection; original raw HTML unavailable locally; original raw path=/private/tmp/area1_artifacts_test2/run_0001/culture-linguaggi-e-strategie-per-la-comunicazio/00016.aspx
SD0108,CR000,UNI17,C034,J034,,https://corsi.unical.it/lm/linguaggi-della-comunicazione-e-dello-spettacolo,https://corsi.unical.it/lm/linguaggi-della-comunicazione-e-dello-spettacolo,corsi.unical.it,unical.it,/lm/linguaggi-della-comunicazione-e-dello-spettacolo,pilot_seed,course_page,homepage,0,10,,fetched,200,text/html; charset=utf-8,https://corsi.unical.it/lm/linguaggi-della-comunicazione-e-dello-spettacolo/,LINGUAGGI DELLA COMUNICAZIONE E DELLO SPETTACOLO - Corsi di Laurea,,e2afb61cc5ed055b320266f2467cf4de7b591203d515d27005883dda2457d8e3,.html,2026-04-02T12:43:51.484400+00:00,raw_http,,historical LM-92 pilot metadata integrated into collection; original raw HTML unavailable locally; original raw path=/private/tmp/area1_artifacts_test2/run_0001/linguaggi-della-comunicazione-e-dello-spettacolo/00017.html
SD0109,CR000,UNI18,C036,J036,,https://www.corsi.unina.it/DA2/home,https://www.corsi.unina.it/DA2/home,www.corsi.unina.it,unina.it,/DA2/home,pilot_seed,course_page,homepage,0,10,,fetched,200,text/html,https://www.corsi.unina.it/DA2/home,Corsi di Studio | Unina.it,artifacts/runs/CR000_2026-04-02_lm92_pilot_seed_capture/SD0109.html,26288a8afbce75f9736dbc26c7df327d5dbcfc78f42074d81a2269f037d7bcc6,.html,2026-04-02T12:43:51.587190+00:00,raw_http,,historical LM-92 pilot metadata integrated into collection; original raw HTML unavailable locally; original raw path=/private/tmp/area1_artifacts_test2/run_0001/digital-society-social-innovation-and-global-cit/00018.html
SD0110,CR000,UNI19,C038,J038,,https://ls-vpcm.unibg.it/it,https://ls-vpcm.unibg.it/it,ls-vpcm.unibg.it,unibg.it,/it,pilot_seed,course_page,homepage,0,10,,fetched,200,text/html; charset=utf-8,https://ls-vpcm.unibg.it/it,Valorizzazione del Patrimonio Culturale Materiale e Immateriale | UniBG,,bc4bf5394a72e5995a1800611005e45e10d4b0c9378f97ced71be9e6175ae6a1,.html,2026-04-02T12:43:51.714167+00:00,raw_http,,historical LM-92 pilot metadata integrated into collection; original raw HTML unavailable locally; original raw path=/private/tmp/area1_artifacts_test2/run_0001/valorizzazione-del-patrimonio-culturale-material/00019.html
