lighthouse_target_id,source_document_id,crawl_run_id,university_id,sample_course_id,journey_id,page_role,source_kind,default_strategy,default_device_category,scope_status,selection_rule,js_dependency_level_preaudit,tested_url,final_url,notes,collection_crawl_run_id,started_at,ended_at,status,audited_url,url_source_column,strategy_used,target_dir,work_dir,filesystem_dir,collect_exit_code,upload_exit_code,error_message,representative_json_path,representative_html_path,representative_requested_url,representative_final_url,fetch_time,lighthouse_version,runtime_error_code,runtime_error_message,category_performance,category_accessibility,category_best_practices,category_seo,metric_fcp_ms,metric_lcp_ms,metric_speed_index_ms,metric_tbt_ms,metric_cls,metric_inp_ms,report_count
LH_HOME_UNI01,SD0001,CR001,UNI01,,,university_homepage,master_reference,mobile,mobile,canonical_default,latest_nonpilot_homepage,,https://www.unibo.it/,https://www.unibo.it/it,tranche1; final URL redirects from root to /it,CR034,2026-04-23T13:56:50Z,2026-04-23T13:58:05Z,ok,https://www.unibo.it/it,final_url,mobile,/Users/gaialorenzoni/progetti/uni-sites-audit/university-websites-usability-audit/artifacts/runs/CR034_lighthouse_mobile_v1/LH_HOME_UNI01,/Users/gaialorenzoni/progetti/uni-sites-audit/university-websites-usability-audit/artifacts/runs/CR034_lighthouse_mobile_v1/LH_HOME_UNI01/workdir,/Users/gaialorenzoni/progetti/uni-sites-audit/university-websites-usability-audit/artifacts/runs/CR034_lighthouse_mobile_v1/LH_HOME_UNI01/lhci_filesystem,0,0,,/Users/gaialorenzoni/progetti/uni-sites-audit/university-websites-usability-audit/artifacts/runs/CR034_lighthouse_mobile_v1/LH_HOME_UNI01/lhci_filesystem/www_unibo_it-it-2026_04_23_13_57_30.report.json,/Users/gaialorenzoni/progetti/uni-sites-audit/university-websites-usability-audit/artifacts/runs/CR034_lighthouse_mobile_v1/LH_HOME_UNI01/lhci_filesystem/www_unibo_it-it-2026_04_23_13_57_30.report.html,https://www.unibo.it/it,https://www.unibo.it/it,2026-04-23T13:57:30.141Z,12.6.1,,,0.52,1,1,1,21385.70299070059,31241.237676215133,21385.70299070059,181,0,,3
LH_HOME_UNI02,SD0005,CR001,UNI02,,,university_homepage,master_reference,mobile,mobile,canonical_default,latest_nonpilot_homepage,,https://www.unipd.it/,https://www.unipd.it/,tranche1; homepage snapshot,CR034,2026-04-23T13:58:05Z,2026-04-23T13:59:26Z,ok,https://www.unipd.it/,final_url,mobile,/Users/gaialorenzoni/progetti/uni-sites-audit/university-websites-usability-audit/artifacts/runs/CR034_lighthouse_mobile_v1/LH_HOME_UNI02,/Users/gaialorenzoni/progetti/uni-sites-audit/university-websites-usability-audit/artifacts/runs/CR034_lighthouse_mobile_v1/LH_HOME_UNI02/workdir,/Users/gaialorenzoni/progetti/uni-sites-audit/university-websites-usability-audit/artifacts/runs/CR034_lighthouse_mobile_v1/LH_HOME_UNI02/lhci_filesystem,0,0,,/Users/gaialorenzoni/progetti/uni-sites-audit/university-websites-usability-audit/artifacts/runs/CR034_lighthouse_mobile_v1/LH_HOME_UNI02/lhci_filesystem/www_unipd_it--2026_04_23_13_58_37.report.json,/Users/gaialorenzoni/progetti/uni-sites-audit/university-websites-usability-audit/artifacts/runs/CR034_lighthouse_mobile_v1/LH_HOME_UNI02/lhci_filesystem/www_unipd_it--2026_04_23_13_58_37.report.html,https://www.unipd.it/,https://www.unipd.it/,2026-04-23T13:58:37.354Z,12.6.1,,,0.34,0.98,0.71,0.66,3008.389,6570.593999999996,11120.486248167543,2130.29,0.017693,,3
LH_HOME_UNI03,SD0009,CR002,UNI03,,,university_homepage,master_reference,mobile,mobile,canonical_default,latest_nonpilot_homepage,,https://www.unipi.it/,https://www.unipi.it/,tranche2; homepage snapshot,CR034,2026-04-23T13:59:26Z,2026-04-23T14:01:26Z,ok,https://www.unipi.it/,final_url,mobile,/Users/gaialorenzoni/progetti/uni-sites-audit/university-websites-usability-audit/artifacts/runs/CR034_lighthouse_mobile_v1/LH_HOME_UNI03,/Users/gaialorenzoni/progetti/uni-sites-audit/university-websites-usability-audit/artifacts/runs/CR034_lighthouse_mobile_v1/LH_HOME_UNI03/workdir,/Users/gaialorenzoni/progetti/uni-sites-audit/university-websites-usability-audit/artifacts/runs/CR034_lighthouse_mobile_v1/LH_HOME_UNI03/lhci_filesystem,0,0,,/Users/gaialorenzoni/progetti/uni-sites-audit/university-websites-usability-audit/artifacts/runs/CR034_lighthouse_mobile_v1/LH_HOME_UNI03/lhci_filesystem/www_unipi_it--2026_04_23_13_59_38.report.json,/Users/gaialorenzoni/progetti/uni-sites-audit/university-websites-usability-audit/artifacts/runs/CR034_lighthouse_mobile_v1/LH_HOME_UNI03/lhci_filesystem/www_unipi_it--2026_04_23_13_59_38.report.html,https://www.unipi.it/,https://www.unipi.it/,2026-04-23T13:59:38.037Z,12.6.1,,,0.58,0.84,0.93,0.92,4244.0038,6628.109800000001,13103.55712973053,126,0.001416,,3
LH_HOME_UNI04,SD0013,CR002,UNI04,,,university_homepage,master_reference,mobile,mobile,canonical_default,latest_nonpilot_homepage,,https://www.unifi.it/,https://www.unifi.it:443/it,tranche2; final URL adds /it locale path,CR034,2026-04-23T14:01:26Z,2026-04-23T14:02:29Z,ok,https://www.unifi.it:443/it,final_url,mobile,/Users/gaialorenzoni/progetti/uni-sites-audit/university-websites-usability-audit/artifacts/runs/CR034_lighthouse_mobile_v1/LH_HOME_UNI04,/Users/gaialorenzoni/progetti/uni-sites-audit/university-websites-usability-audit/artifacts/runs/CR034_lighthouse_mobile_v1/LH_HOME_UNI04/workdir,/Users/gaialorenzoni/progetti/uni-sites-audit/university-websites-usability-audit/artifacts/runs/CR034_lighthouse_mobile_v1/LH_HOME_UNI04/lhci_filesystem,0,0,,/Users/gaialorenzoni/progetti/uni-sites-audit/university-websites-usability-audit/artifacts/runs/CR034_lighthouse_mobile_v1/LH_HOME_UNI04/lhci_filesystem/www_unifi_it-it-2026_04_23_14_01_39.report.json,/Users/gaialorenzoni/progetti/uni-sites-audit/university-websites-usability-audit/artifacts/runs/CR034_lighthouse_mobile_v1/LH_HOME_UNI04/lhci_filesystem/www_unifi_it-it-2026_04_23_14_01_39.report.html,https://www.unifi.it/it,https://www.unifi.it/it,2026-04-23T14:01:39.165Z,12.6.1,,,0.44,1,1,1,1986.53,11133.529999999999,5635.683364742375,1341,0.018663,,3
LH_HOME_UNI05,SD0017,CR002,UNI05,,,university_homepage,master_reference,mobile,mobile,canonical_default,latest_nonpilot_homepage,,https://www.unisi.it/,https://www.unisi.it/,tranche2; homepage snapshot,CR034,2026-04-23T14:02:29Z,2026-04-23T14:03:24Z,ok,https://www.unisi.it/,final_url,mobile,/Users/gaialorenzoni/progetti/uni-sites-audit/university-websites-usability-audit/artifacts/runs/CR034_lighthouse_mobile_v1/LH_HOME_UNI05,/Users/gaialorenzoni/progetti/uni-sites-audit/university-websites-usability-audit/artifacts/runs/CR034_lighthouse_mobile_v1/LH_HOME_UNI05/workdir,/Users/gaialorenzoni/progetti/uni-sites-audit/university-websites-usability-audit/artifacts/runs/CR034_lighthouse_mobile_v1/LH_HOME_UNI05/lhci_filesystem,0,0,,/Users/gaialorenzoni/progetti/uni-sites-audit/university-websites-usability-audit/artifacts/runs/CR034_lighthouse_mobile_v1/LH_HOME_UNI05/lhci_filesystem/www_unisi_it--2026_04_23_14_03_11.report.json,/Users/gaialorenzoni/progetti/uni-sites-audit/university-websites-usability-audit/artifacts/runs/CR034_lighthouse_mobile_v1/LH_HOME_UNI05/lhci_filesystem/www_unisi_it--2026_04_23_14_03_11.report.html,https://www.unisi.it/,https://www.unisi.it/,2026-04-23T14:03:11.220Z,12.6.1,,,0.6,0.83,1,0.83,1103.11,4494.416499999999,2999.729263235281,11,0.8101870000000003,,3
LH_HOME_UNI06,SD0022,CR004,UNI06,,,university_homepage,master_reference,mobile,mobile,canonical_default,latest_nonpilot_homepage,,https://www.unito.it/,https://www.unito.it/,tranche3; homepage snapshot,CR034,2026-04-23T14:03:24Z,2026-04-23T14:04:29Z,ok,https://www.unito.it/,final_url,mobile,/Users/gaialorenzoni/progetti/uni-sites-audit/university-websites-usability-audit/artifacts/runs/CR034_lighthouse_mobile_v1/LH_HOME_UNI06,/Users/gaialorenzoni/progetti/uni-sites-audit/university-websites-usability-audit/artifacts/runs/CR034_lighthouse_mobile_v1/LH_HOME_UNI06/workdir,/Users/gaialorenzoni/progetti/uni-sites-audit/university-websites-usability-audit/artifacts/runs/CR034_lighthouse_mobile_v1/LH_HOME_UNI06/lhci_filesystem,0,0,,/Users/gaialorenzoni/progetti/uni-sites-audit/university-websites-usability-audit/artifacts/runs/CR034_lighthouse_mobile_v1/LH_HOME_UNI06/lhci_filesystem/www_unito_it--2026_04_23_14_03_53.report.json,/Users/gaialorenzoni/progetti/uni-sites-audit/university-websites-usability-audit/artifacts/runs/CR034_lighthouse_mobile_v1/LH_HOME_UNI06/lhci_filesystem/www_unito_it--2026_04_23_14_03_53.report.html,https://www.unito.it/,https://www.unito.it/,2026-04-23T14:03:53.509Z,12.6.1,,,0.66,0.93,0.96,1,2335.831,10167.105500000001,6536.356352613795,69,0,,3
LH_HOME_UNI07,SD0026,CR004,UNI07,,,university_homepage,master_reference,mobile,mobile,canonical_default,latest_nonpilot_homepage,,https://unige.it/,https://unige.it/,tranche3; homepage snapshot,CR034,2026-04-23T14:04:29Z,2026-04-23T14:05:38Z,ok,https://unige.it/,final_url,mobile,/Users/gaialorenzoni/progetti/uni-sites-audit/university-websites-usability-audit/artifacts/runs/CR034_lighthouse_mobile_v1/LH_HOME_UNI07,/Users/gaialorenzoni/progetti/uni-sites-audit/university-websites-usability-audit/artifacts/runs/CR034_lighthouse_mobile_v1/LH_HOME_UNI07/workdir,/Users/gaialorenzoni/progetti/uni-sites-audit/university-websites-usability-audit/artifacts/runs/CR034_lighthouse_mobile_v1/LH_HOME_UNI07/lhci_filesystem,0,0,,/Users/gaialorenzoni/progetti/uni-sites-audit/university-websites-usability-audit/artifacts/runs/CR034_lighthouse_mobile_v1/LH_HOME_UNI07/lhci_filesystem/unige_it--2026_04_23_14_04_40.report.json,/Users/gaialorenzoni/progetti/uni-sites-audit/university-websites-usability-audit/artifacts/runs/CR034_lighthouse_mobile_v1/LH_HOME_UNI07/lhci_filesystem/unige_it--2026_04_23_14_04_40.report.html,https://unige.it/,https://unige.it/,2026-04-23T14:04:40.075Z,12.6.1,,,0.53,0.88,1,0.92,6244.9925,17794.9925,7859.852676769173,207.4999999999991,0.072426,,3
LH_HOME_UNI08,SD0030,CR004,UNI08,,,university_homepage,master_reference,mobile,mobile,canonical_default,latest_nonpilot_homepage,,https://www.unimib.it/,https://www.unimib.it/,tranche3; homepage snapshot,CR034,2026-04-23T14:05:38Z,2026-04-23T14:06:35Z,ok,https://www.unimib.it/,final_url,mobile,/Users/gaialorenzoni/progetti/uni-sites-audit/university-websites-usability-audit/artifacts/runs/CR034_lighthouse_mobile_v1/LH_HOME_UNI08,/Users/gaialorenzoni/progetti/uni-sites-audit/university-websites-usability-audit/artifacts/runs/CR034_lighthouse_mobile_v1/LH_HOME_UNI08/workdir,/Users/gaialorenzoni/progetti/uni-sites-audit/university-websites-usability-audit/artifacts/runs/CR034_lighthouse_mobile_v1/LH_HOME_UNI08/lhci_filesystem,0,0,,/Users/gaialorenzoni/progetti/uni-sites-audit/university-websites-usability-audit/artifacts/runs/CR034_lighthouse_mobile_v1/LH_HOME_UNI08/lhci_filesystem/www_unimib_it--2026_04_23_14_06_21.report.json,/Users/gaialorenzoni/progetti/uni-sites-audit/university-websites-usability-audit/artifacts/runs/CR034_lighthouse_mobile_v1/LH_HOME_UNI08/lhci_filesystem/www_unimib_it--2026_04_23_14_06_21.report.html,https://www.unimib.it/,https://www.unimib.it/,2026-04-23T14:06:21.004Z,12.6.1,,,0.53,0.96,0.96,0.92,3318.811,35257.811,8545.561898218757,338.5,0.020588,,3
LH_HOME_UNI09,SD0034,CR005,UNI09,,,university_homepage,master_reference,mobile,mobile,canonical_default,latest_nonpilot_homepage,,https://www.unimi.it/,https://www.unimi.it/it,tranche4; final URL redirects from root to /it,CR034,2026-04-23T14:06:35Z,2026-04-23T14:07:33Z,ok,https://www.unimi.it/it,final_url,mobile,/Users/gaialorenzoni/progetti/uni-sites-audit/university-websites-usability-audit/artifacts/runs/CR034_lighthouse_mobile_v1/LH_HOME_UNI09,/Users/gaialorenzoni/progetti/uni-sites-audit/university-websites-usability-audit/artifacts/runs/CR034_lighthouse_mobile_v1/LH_HOME_UNI09/workdir,/Users/gaialorenzoni/progetti/uni-sites-audit/university-websites-usability-audit/artifacts/runs/CR034_lighthouse_mobile_v1/LH_HOME_UNI09/lhci_filesystem,0,0,,/Users/gaialorenzoni/progetti/uni-sites-audit/university-websites-usability-audit/artifacts/runs/CR034_lighthouse_mobile_v1/LH_HOME_UNI09/lhci_filesystem/www_unimi_it-it-2026_04_23_14_07_18.report.json,/Users/gaialorenzoni/progetti/uni-sites-audit/university-websites-usability-audit/artifacts/runs/CR034_lighthouse_mobile_v1/LH_HOME_UNI09/lhci_filesystem/www_unimi_it-it-2026_04_23_14_07_18.report.html,https://www.unimi.it/it,https://www.unimi.it/it,2026-04-23T14:07:18.234Z,12.6.1,,,0.63,0.96,0.93,1,3358.350000000001,10922.692500000001,5227.326068106999,129,0,,3
LH_HOME_UNI10,SD0038,CR005,UNI10,,,university_homepage,master_reference,mobile,mobile,canonical_default,latest_nonpilot_homepage,,https://www.uninsubria.it/,https://www.uninsubria.it/,tranche4; homepage snapshot,CR034,2026-04-23T14:07:33Z,2026-04-23T14:08:36Z,ok,https://www.uninsubria.it/,final_url,mobile,/Users/gaialorenzoni/progetti/uni-sites-audit/university-websites-usability-audit/artifacts/runs/CR034_lighthouse_mobile_v1/LH_HOME_UNI10,/Users/gaialorenzoni/progetti/uni-sites-audit/university-websites-usability-audit/artifacts/runs/CR034_lighthouse_mobile_v1/LH_HOME_UNI10/workdir,/Users/gaialorenzoni/progetti/uni-sites-audit/university-websites-usability-audit/artifacts/runs/CR034_lighthouse_mobile_v1/LH_HOME_UNI10/lhci_filesystem,0,0,,/Users/gaialorenzoni/progetti/uni-sites-audit/university-websites-usability-audit/artifacts/runs/CR034_lighthouse_mobile_v1/LH_HOME_UNI10/lhci_filesystem/www_uninsubria_it--2026_04_23_14_07_43.report.json,/Users/gaialorenzoni/progetti/uni-sites-audit/university-websites-usability-audit/artifacts/runs/CR034_lighthouse_mobile_v1/LH_HOME_UNI10/lhci_filesystem/www_uninsubria_it--2026_04_23_14_07_43.report.html,https://www.uninsubria.it/,https://www.uninsubria.it/,2026-04-23T14:07:43.277Z,12.6.1,,,0.61,0.98,0.96,0.85,1535.2915,101079.29149999999,22759.780007722853,107.5,0.100955,,3
LH_HOME_UNI11,SD0042,CR005,UNI11,,,university_homepage,master_reference,mobile,mobile,canonical_default,latest_nonpilot_homepage,,https://www.unisa.it/,https://www.unisa.it/,tranche4; homepage snapshot,CR034,2026-04-23T14:08:36Z,2026-04-23T14:09:30Z,ok,https://www.unisa.it/,final_url,mobile,/Users/gaialorenzoni/progetti/uni-sites-audit/university-websites-usability-audit/artifacts/runs/CR034_lighthouse_mobile_v1/LH_HOME_UNI11,/Users/gaialorenzoni/progetti/uni-sites-audit/university-websites-usability-audit/artifacts/runs/CR034_lighthouse_mobile_v1/LH_HOME_UNI11/workdir,/Users/gaialorenzoni/progetti/uni-sites-audit/university-websites-usability-audit/artifacts/runs/CR034_lighthouse_mobile_v1/LH_HOME_UNI11/lhci_filesystem,0,0,,/Users/gaialorenzoni/progetti/uni-sites-audit/university-websites-usability-audit/artifacts/runs/CR034_lighthouse_mobile_v1/LH_HOME_UNI11/lhci_filesystem/www_unisa_it--2026_04_23_14_09_15.report.json,/Users/gaialorenzoni/progetti/uni-sites-audit/university-websites-usability-audit/artifacts/runs/CR034_lighthouse_mobile_v1/LH_HOME_UNI11/lhci_filesystem/www_unisa_it--2026_04_23_14_09_15.report.html,https://www.unisa.it/,https://www.unisa.it/,2026-04-23T14:09:15.610Z,12.6.1,,,0.82,0.96,0.79,1,1710.098,2910.098,2596.908317363252,0,0.236171,,3
LH_HOME_UNI12,SD0047,CR007,UNI12,,,university_homepage,master_reference,mobile,mobile,canonical_default,latest_nonpilot_homepage,,https://www.uniroma3.it/,https://www.uniroma3.it/,tranche5; homepage snapshot,CR034,2026-04-23T14:09:30Z,2026-04-23T14:11:03Z,ok,https://www.uniroma3.it/,final_url,mobile,/Users/gaialorenzoni/progetti/uni-sites-audit/university-websites-usability-audit/artifacts/runs/CR034_lighthouse_mobile_v1/LH_HOME_UNI12,/Users/gaialorenzoni/progetti/uni-sites-audit/university-websites-usability-audit/artifacts/runs/CR034_lighthouse_mobile_v1/LH_HOME_UNI12/workdir,/Users/gaialorenzoni/progetti/uni-sites-audit/university-websites-usability-audit/artifacts/runs/CR034_lighthouse_mobile_v1/LH_HOME_UNI12/lhci_filesystem,0,0,,/Users/gaialorenzoni/progetti/uni-sites-audit/university-websites-usability-audit/artifacts/runs/CR034_lighthouse_mobile_v1/LH_HOME_UNI12/lhci_filesystem/www_uniroma3_it--2026_04_23_14_10_10.report.json,/Users/gaialorenzoni/progetti/uni-sites-audit/university-websites-usability-audit/artifacts/runs/CR034_lighthouse_mobile_v1/LH_HOME_UNI12/lhci_filesystem/www_uniroma3_it--2026_04_23_14_10_10.report.html,https://www.uniroma3.it/,https://www.uniroma3.it/,2026-04-23T14:10:10.701Z,12.6.1,,,0.28,0.96,0.79,0.91,4320.7119,15432.841499999993,13154.900581085738,256,0.8734529999999999,,3
LH_HOME_UNI13,SD0051,CR007,UNI13,,,university_homepage,master_reference,mobile,mobile,canonical_default,latest_nonpilot_homepage,,https://www.unipa.it/,https://www.unipa.it/,tranche5; homepage snapshot,CR034,2026-04-23T14:11:03Z,2026-04-23T14:13:27Z,ok,https://www.unipa.it/,final_url,mobile,/Users/gaialorenzoni/progetti/uni-sites-audit/university-websites-usability-audit/artifacts/runs/CR034_lighthouse_mobile_v1/LH_HOME_UNI13,/Users/gaialorenzoni/progetti/uni-sites-audit/university-websites-usability-audit/artifacts/runs/CR034_lighthouse_mobile_v1/LH_HOME_UNI13/workdir,/Users/gaialorenzoni/progetti/uni-sites-audit/university-websites-usability-audit/artifacts/runs/CR034_lighthouse_mobile_v1/LH_HOME_UNI13/lhci_filesystem,0,0,,/Users/gaialorenzoni/progetti/uni-sites-audit/university-websites-usability-audit/artifacts/runs/CR034_lighthouse_mobile_v1/LH_HOME_UNI13/lhci_filesystem/www_unipa_it--2026_04_23_14_11_13.report.json,/Users/gaialorenzoni/progetti/uni-sites-audit/university-websites-usability-audit/artifacts/runs/CR034_lighthouse_mobile_v1/LH_HOME_UNI13/lhci_filesystem/www_unipa_it--2026_04_23_14_11_13.report.html,https://www.unipa.it/,https://www.unipa.it/,2026-04-23T14:11:13.242Z,12.6.1,,,0.6,0.89,0.96,1,3621.3880000000004,6940.732000000002,19214.627831996477,54.5,0.003528,,3
LH_HOME_UNI14,SD0055,CR007,UNI14,,,university_homepage,master_reference,mobile,mobile,canonical_default,latest_nonpilot_homepage,,https://www.unistrapg.it/,https://www.unistrapg.it/,tranche5; homepage snapshot,CR034,2026-04-23T14:13:27Z,2026-04-23T14:14:45Z,ok,https://www.unistrapg.it/,final_url,mobile,/Users/gaialorenzoni/progetti/uni-sites-audit/university-websites-usability-audit/artifacts/runs/CR034_lighthouse_mobile_v1/LH_HOME_UNI14,/Users/gaialorenzoni/progetti/uni-sites-audit/university-websites-usability-audit/artifacts/runs/CR034_lighthouse_mobile_v1/LH_HOME_UNI14/workdir,/Users/gaialorenzoni/progetti/uni-sites-audit/university-websites-usability-audit/artifacts/runs/CR034_lighthouse_mobile_v1/LH_HOME_UNI14/lhci_filesystem,0,0,,/Users/gaialorenzoni/progetti/uni-sites-audit/university-websites-usability-audit/artifacts/runs/CR034_lighthouse_mobile_v1/LH_HOME_UNI14/lhci_filesystem/www_unistrapg_it--2026_04_23_14_14_27.report.json,/Users/gaialorenzoni/progetti/uni-sites-audit/university-websites-usability-audit/artifacts/runs/CR034_lighthouse_mobile_v1/LH_HOME_UNI14/lhci_filesystem/www_unistrapg_it--2026_04_23_14_14_27.report.html,https://www.unistrapg.it/,https://www.unistrapg.it/it,2026-04-23T14:14:27.946Z,12.6.1,,,0.52,0.98,0.79,1,4927.956,23738.438499999997,9357.16176654371,254,0.007972,,3
LH_HOME_UNI15,SD0061,CR010,UNI15,,,university_homepage,master_reference,mobile,mobile,canonical_default,latest_nonpilot_homepage,,https://www.uniurb.it/,https://www.uniurb.it/,tranche6; fetched with browser user-agent and HTTP/1.1 after empty reply on default curl; homepage snapshot,CR034,2026-04-23T14:14:45Z,2026-04-23T14:17:16Z,ok,https://www.uniurb.it/,final_url,mobile,/Users/gaialorenzoni/progetti/uni-sites-audit/university-websites-usability-audit/artifacts/runs/CR034_lighthouse_mobile_v1/LH_HOME_UNI15,/Users/gaialorenzoni/progetti/uni-sites-audit/university-websites-usability-audit/artifacts/runs/CR034_lighthouse_mobile_v1/LH_HOME_UNI15/workdir,/Users/gaialorenzoni/progetti/uni-sites-audit/university-websites-usability-audit/artifacts/runs/CR034_lighthouse_mobile_v1/LH_HOME_UNI15/lhci_filesystem,0,0,,/Users/gaialorenzoni/progetti/uni-sites-audit/university-websites-usability-audit/artifacts/runs/CR034_lighthouse_mobile_v1/LH_HOME_UNI15/lhci_filesystem/www_uniurb_it--2026_04_23_14_15_16.report.json,/Users/gaialorenzoni/progetti/uni-sites-audit/university-websites-usability-audit/artifacts/runs/CR034_lighthouse_mobile_v1/LH_HOME_UNI15/lhci_filesystem/www_uniurb_it--2026_04_23_14_15_16.report.html,https://www.uniurb.it/,https://www.uniurb.it/,2026-04-23T14:15:16.104Z,12.6.1,,,0.5,0.93,1,0.92,24000.902999999988,26962.21349999999,24000.902999999988,232.5,0.070699,,3
LH_HOME_UNI16,SD0065,CR010,UNI16,,,university_homepage,master_reference,mobile,mobile,canonical_default,latest_nonpilot_homepage,,https://www.uninettunouniversity.net/,http://www.uninettunouniversity.net/en/default.aspx,tranche6; source seed redirects from root to English default homepage,CR034,2026-04-23T14:17:16Z,2026-04-23T14:18:30Z,ok,http://www.uninettunouniversity.net/en/default.aspx,final_url,mobile,/Users/gaialorenzoni/progetti/uni-sites-audit/university-websites-usability-audit/artifacts/runs/CR034_lighthouse_mobile_v1/LH_HOME_UNI16,/Users/gaialorenzoni/progetti/uni-sites-audit/university-websites-usability-audit/artifacts/runs/CR034_lighthouse_mobile_v1/LH_HOME_UNI16/workdir,/Users/gaialorenzoni/progetti/uni-sites-audit/university-websites-usability-audit/artifacts/runs/CR034_lighthouse_mobile_v1/LH_HOME_UNI16/lhci_filesystem,0,0,,/Users/gaialorenzoni/progetti/uni-sites-audit/university-websites-usability-audit/artifacts/runs/CR034_lighthouse_mobile_v1/LH_HOME_UNI16/lhci_filesystem/www_uninettunouniversity_net-en_default_aspx-2026_04_23_14_17_48.report.json,/Users/gaialorenzoni/progetti/uni-sites-audit/university-websites-usability-audit/artifacts/runs/CR034_lighthouse_mobile_v1/LH_HOME_UNI16/lhci_filesystem/www_uninettunouniversity_net-en_default_aspx-2026_04_23_14_17_48.report.html,http://www.uninettunouniversity.net/en/default.aspx,https://www.uninettunouniversity.net/en/default.aspx,2026-04-23T14:17:48.192Z,12.6.1,,,0.05,0.9,0.59,1,7928.121499999999,38177.78199999999,10351.53909034944,3839,0.48475199999999996,,3
LH_HOME_UNI17,SD0069,CR010,UNI17,,,university_homepage,master_reference,mobile,mobile,canonical_default,latest_nonpilot_homepage,,https://www.unical.it/,https://www.unical.it/,tranche6; homepage snapshot,CR034,2026-04-23T14:18:30Z,2026-04-23T14:19:26Z,ok,https://www.unical.it/,final_url,mobile,/Users/gaialorenzoni/progetti/uni-sites-audit/university-websites-usability-audit/artifacts/runs/CR034_lighthouse_mobile_v1/LH_HOME_UNI17,/Users/gaialorenzoni/progetti/uni-sites-audit/university-websites-usability-audit/artifacts/runs/CR034_lighthouse_mobile_v1/LH_HOME_UNI17/workdir,/Users/gaialorenzoni/progetti/uni-sites-audit/university-websites-usability-audit/artifacts/runs/CR034_lighthouse_mobile_v1/LH_HOME_UNI17/lhci_filesystem,0,0,,/Users/gaialorenzoni/progetti/uni-sites-audit/university-websites-usability-audit/artifacts/runs/CR034_lighthouse_mobile_v1/LH_HOME_UNI17/lhci_filesystem/www_unical_it--2026_04_23_14_18_40.report.json,/Users/gaialorenzoni/progetti/uni-sites-audit/university-websites-usability-audit/artifacts/runs/CR034_lighthouse_mobile_v1/LH_HOME_UNI17/lhci_filesystem/www_unical_it--2026_04_23_14_18_40.report.html,https://www.unical.it/,https://www.unical.it/,2026-04-23T14:18:40.203Z,12.6.1,,,0.62,0.98,1,1,3117.6890000000003,4065.6890000000003,4132.79171864748,121.00000000000045,0.336308,,3
LH_HOME_UNI18,SD0074,CR012,UNI18,,,university_homepage,master_reference,mobile,mobile,canonical_default,latest_nonpilot_homepage,,https://www.unina.it/,https://www.unina.it/it/,tranche7; fetched with browser user-agent and HTTP/1.1 after default curl returned 403; final URL redirects from root to /it/,CR034,2026-04-23T14:19:26Z,2026-04-23T14:20:35Z,ok,https://www.unina.it/it/,final_url,mobile,/Users/gaialorenzoni/progetti/uni-sites-audit/university-websites-usability-audit/artifacts/runs/CR034_lighthouse_mobile_v1/LH_HOME_UNI18,/Users/gaialorenzoni/progetti/uni-sites-audit/university-websites-usability-audit/artifacts/runs/CR034_lighthouse_mobile_v1/LH_HOME_UNI18/workdir,/Users/gaialorenzoni/progetti/uni-sites-audit/university-websites-usability-audit/artifacts/runs/CR034_lighthouse_mobile_v1/LH_HOME_UNI18/lhci_filesystem,0,0,,/Users/gaialorenzoni/progetti/uni-sites-audit/university-websites-usability-audit/artifacts/runs/CR034_lighthouse_mobile_v1/LH_HOME_UNI18/lhci_filesystem/www_unina_it-it_-2026_04_23_14_19_36.report.json,/Users/gaialorenzoni/progetti/uni-sites-audit/university-websites-usability-audit/artifacts/runs/CR034_lighthouse_mobile_v1/LH_HOME_UNI18/lhci_filesystem/www_unina_it-it_-2026_04_23_14_19_36.report.html,https://www.unina.it/it/,https://www.unina.it/it/,2026-04-23T14:19:36.463Z,12.6.1,,,0.68,0.78,0.93,0.92,4271.239,5349.5205000000005,4271.239,158.99999999999955,0,,3
LH_HOME_UNI19,SD0078,CR012,UNI19,,,university_homepage,master_reference,mobile,mobile,canonical_default,latest_nonpilot_homepage,,https://www.unibg.it/,https://www.unibg.it/,tranche7; homepage snapshot,CR034,2026-04-23T14:20:35Z,2026-04-23T14:21:35Z,ok,https://www.unibg.it/,final_url,mobile,/Users/gaialorenzoni/progetti/uni-sites-audit/university-websites-usability-audit/artifacts/runs/CR034_lighthouse_mobile_v1/LH_HOME_UNI19,/Users/gaialorenzoni/progetti/uni-sites-audit/university-websites-usability-audit/artifacts/runs/CR034_lighthouse_mobile_v1/LH_HOME_UNI19/workdir,/Users/gaialorenzoni/progetti/uni-sites-audit/university-websites-usability-audit/artifacts/runs/CR034_lighthouse_mobile_v1/LH_HOME_UNI19/lhci_filesystem,0,0,,/Users/gaialorenzoni/progetti/uni-sites-audit/university-websites-usability-audit/artifacts/runs/CR034_lighthouse_mobile_v1/LH_HOME_UNI19/lhci_filesystem/www_unibg_it--2026_04_23_14_21_02.report.json,/Users/gaialorenzoni/progetti/uni-sites-audit/university-websites-usability-audit/artifacts/runs/CR034_lighthouse_mobile_v1/LH_HOME_UNI19/lhci_filesystem/www_unibg_it--2026_04_23_14_21_02.report.html,https://www.unibg.it/,https://www.unibg.it/,2026-04-23T14:21:02.820Z,12.6.1,,,0.69,0.86,0.89,1,3978.463999999999,5425.139999999999,4887.059360252653,67.5,0,,3
LH_HOME_UNI20,SD0082,CR012,UNI20,,,university_homepage,master_reference,mobile,mobile,canonical_default,latest_nonpilot_homepage,,https://www.unitn.it/,https://www.unitn.it/it,tranche7; final URL redirects from root to /it,CR034,2026-04-23T14:21:35Z,2026-04-23T14:22:42Z,ok,https://www.unitn.it/it,final_url,mobile,/Users/gaialorenzoni/progetti/uni-sites-audit/university-websites-usability-audit/artifacts/runs/CR034_lighthouse_mobile_v1/LH_HOME_UNI20,/Users/gaialorenzoni/progetti/uni-sites-audit/university-websites-usability-audit/artifacts/runs/CR034_lighthouse_mobile_v1/LH_HOME_UNI20/workdir,/Users/gaialorenzoni/progetti/uni-sites-audit/university-websites-usability-audit/artifacts/runs/CR034_lighthouse_mobile_v1/LH_HOME_UNI20/lhci_filesystem,0,0,,/Users/gaialorenzoni/progetti/uni-sites-audit/university-websites-usability-audit/artifacts/runs/CR034_lighthouse_mobile_v1/LH_HOME_UNI20/lhci_filesystem/www_unitn_it-it-2026_04_23_14_22_24.report.json,/Users/gaialorenzoni/progetti/uni-sites-audit/university-websites-usability-audit/artifacts/runs/CR034_lighthouse_mobile_v1/LH_HOME_UNI20/lhci_filesystem/www_unitn_it-it-2026_04_23_14_22_24.report.html,https://www.unitn.it/it,https://www.unitn.it/it,2026-04-23T14:22:24.604Z,12.6.1,,,0.59,0.96,1,0.92,1672.5645000000002,11750.084499999997,4360.205598213832,504.4999999999991,0,,3
LH_COURSE_C001,SD0003,CR001,UNI01,C001,J001,course_page,course_seed,mobile,mobile,canonical_default,latest_nonpilot_course_page,low,https://corsi.unibo.it/laurea/ScienzeComunicazione,https://corsi.unibo.it/laurea/ScienzeComunicazione,tranche1; official course portal,CR034,2026-04-23T14:22:42Z,2026-04-23T14:23:35Z,ok,https://corsi.unibo.it/laurea/ScienzeComunicazione,final_url,mobile,/Users/gaialorenzoni/progetti/uni-sites-audit/university-websites-usability-audit/artifacts/runs/CR034_lighthouse_mobile_v1/LH_COURSE_C001,/Users/gaialorenzoni/progetti/uni-sites-audit/university-websites-usability-audit/artifacts/runs/CR034_lighthouse_mobile_v1/LH_COURSE_C001/workdir,/Users/gaialorenzoni/progetti/uni-sites-audit/university-websites-usability-audit/artifacts/runs/CR034_lighthouse_mobile_v1/LH_COURSE_C001/lhci_filesystem,0,0,,/Users/gaialorenzoni/progetti/uni-sites-audit/university-websites-usability-audit/artifacts/runs/CR034_lighthouse_mobile_v1/LH_COURSE_C001/lhci_filesystem/corsi_unibo_it-laurea_ScienzeComunicazione-2026_04_23_14_23_07.report.json,/Users/gaialorenzoni/progetti/uni-sites-audit/university-websites-usability-audit/artifacts/runs/CR034_lighthouse_mobile_v1/LH_COURSE_C001/lhci_filesystem/corsi_unibo_it-laurea_ScienzeComunicazione-2026_04_23_14_23_07.report.html,https://corsi.unibo.it/laurea/ScienzeComunicazione,https://corsi.unibo.it/laurea/ScienzeComunicazione,2026-04-23T14:23:07.782Z,12.6.1,,,0.36,0.97,1,1,24804.77852801513,27623.15199999999,24804.77852801513,0,0.422278,,3
LH_COURSE_C002,SD0004,CR001,UNI01,C002,J002,course_page,course_seed,mobile,mobile,canonical_default,latest_nonpilot_course_page,medium,https://www.unibo.it/it/studiare/lauree-magistrali/corso/2025/6824,https://www.unibo.it/it/studiare/lauree-magistrali/corso/2025/6824,tranche1; official ateneo course card,CR034,2026-04-23T14:23:35Z,2026-04-23T14:24:43Z,ok,https://www.unibo.it/it/studiare/lauree-magistrali/corso/2025/6824,final_url,mobile,/Users/gaialorenzoni/progetti/uni-sites-audit/university-websites-usability-audit/artifacts/runs/CR034_lighthouse_mobile_v1/LH_COURSE_C002,/Users/gaialorenzoni/progetti/uni-sites-audit/university-websites-usability-audit/artifacts/runs/CR034_lighthouse_mobile_v1/LH_COURSE_C002/workdir,/Users/gaialorenzoni/progetti/uni-sites-audit/university-websites-usability-audit/artifacts/runs/CR034_lighthouse_mobile_v1/LH_COURSE_C002/lhci_filesystem,0,0,,/Users/gaialorenzoni/progetti/uni-sites-audit/university-websites-usability-audit/artifacts/runs/CR034_lighthouse_mobile_v1/LH_COURSE_C002/lhci_filesystem/www_unibo_it-it_studiare_lauree_magistrali_corso_2025_6824-2026_04_23_14_24_12.report.json,/Users/gaialorenzoni/progetti/uni-sites-audit/university-websites-usability-audit/artifacts/runs/CR034_lighthouse_mobile_v1/LH_COURSE_C002/lhci_filesystem/www_unibo_it-it_studiare_lauree_magistrali_corso_2025_6824-2026_04_23_14_24_12.report.html,https://www.unibo.it/it/studiare/lauree-magistrali/corso/2025/6824,https://www.unibo.it/it/studiare/lauree-magistrali/corso/2025/6824,2026-04-23T14:24:12.969Z,12.6.1,,,0.48,1,1,0.92,18653.452000000005,20308.572000000004,18653.452000000005,334,0,,3
LH_COURSE_C003,SD0089,CR015,UNI02,C003,J003,course_page,normalization_check,mobile,mobile,canonical_default,latest_nonpilot_course_page,medium,https://www.unipd.it/corsi-di-laurea/comunicazione,https://www.unipd.it/corsi-di-laurea/comunicazione,CR015; new canonical URL for C003/J003 post Unipd platform migration; L-20 confirmed in static HTML; replaces dead SD0007 (/offerta-didattica/... -> 308 -> homepage),CR034,2026-04-23T14:24:43Z,2026-04-23T14:27:17Z,ok,https://www.unipd.it/corsi-di-laurea/comunicazione,final_url,mobile,/Users/gaialorenzoni/progetti/uni-sites-audit/university-websites-usability-audit/artifacts/runs/CR034_lighthouse_mobile_v1/LH_COURSE_C003,/Users/gaialorenzoni/progetti/uni-sites-audit/university-websites-usability-audit/artifacts/runs/CR034_lighthouse_mobile_v1/LH_COURSE_C003/workdir,/Users/gaialorenzoni/progetti/uni-sites-audit/university-websites-usability-audit/artifacts/runs/CR034_lighthouse_mobile_v1/LH_COURSE_C003/lhci_filesystem,0,0,,/Users/gaialorenzoni/progetti/uni-sites-audit/university-websites-usability-audit/artifacts/runs/CR034_lighthouse_mobile_v1/LH_COURSE_C003/lhci_filesystem/www_unipd_it-corsi_di_laurea_comunicazione-2026_04_23_14_26_20.report.json,/Users/gaialorenzoni/progetti/uni-sites-audit/university-websites-usability-audit/artifacts/runs/CR034_lighthouse_mobile_v1/LH_COURSE_C003/lhci_filesystem/www_unipd_it-corsi_di_laurea_comunicazione-2026_04_23_14_26_20.report.html,https://www.unipd.it/corsi-di-laurea/comunicazione,https://www.unipd.it/corsi-di-laurea/comunicazione,2026-04-23T14:26:20.198Z,12.6.1,,,0.32,0.96,0.71,0.66,3326.0233000000007,24607.21669999999,9385.12715817636,2033.4999999999964,0,,3
LH_COURSE_C004,SD0090,CR017,UNI02,C004,J004,course_page,normalization_check,mobile,mobile,canonical_default,latest_nonpilot_course_page,medium,https://www.unipd.it/corsi-di-laurea/strategie-di-comunicazione,https://www.unipd.it/corsi-di-laurea/strategie-di-comunicazione,CR017; canonical C004/J004 URL resolved on the current Next.js platform; replaces dead pre-migration /offerta-didattica seed,CR034,2026-04-23T14:27:17Z,2026-04-23T14:29:54Z,ok,https://www.unipd.it/corsi-di-laurea/strategie-di-comunicazione,final_url,mobile,/Users/gaialorenzoni/progetti/uni-sites-audit/university-websites-usability-audit/artifacts/runs/CR034_lighthouse_mobile_v1/LH_COURSE_C004,/Users/gaialorenzoni/progetti/uni-sites-audit/university-websites-usability-audit/artifacts/runs/CR034_lighthouse_mobile_v1/LH_COURSE_C004/workdir,/Users/gaialorenzoni/progetti/uni-sites-audit/university-websites-usability-audit/artifacts/runs/CR034_lighthouse_mobile_v1/LH_COURSE_C004/lhci_filesystem,0,0,,/Users/gaialorenzoni/progetti/uni-sites-audit/university-websites-usability-audit/artifacts/runs/CR034_lighthouse_mobile_v1/LH_COURSE_C004/lhci_filesystem/www_unipd_it-corsi_di_laurea_strategie_di_comunicazione-2026_04_23_14_28_52.report.json,/Users/gaialorenzoni/progetti/uni-sites-audit/university-websites-usability-audit/artifacts/runs/CR034_lighthouse_mobile_v1/LH_COURSE_C004/lhci_filesystem/www_unipd_it-corsi_di_laurea_strategie_di_comunicazione-2026_04_23_14_28_52.report.html,https://www.unipd.it/corsi-di-laurea/strategie-di-comunicazione,https://www.unipd.it/corsi-di-laurea/strategie-di-comunicazione,2026-04-23T14:28:52.169Z,12.6.1,,,0.36,0.96,0.71,0.66,3315.306,24729.667999999998,9589.70639504804,1252.4164999999998,0,,3
LH_COURSE_C005,SD0011,CR002,UNI03,C005,J005,course_page,course_seed,mobile,mobile,canonical_default,latest_nonpilot_course_page,low,https://www.unipi.it/didattica/corsi/lauree-triennali-ciclo-unico/discipline-dello-spettacolo-e-della-comunicazione-dscr-l,https://www.unipi.it/didattica/corsi/lauree-triennali-ciclo-unico/discipline-dello-spettacolo-e-della-comunicazione-dscr-l/,tranche2; official ateneo course page,CR034,2026-04-23T14:29:54Z,2026-04-23T14:31:06Z,ok,https://www.unipi.it/didattica/corsi/lauree-triennali-ciclo-unico/discipline-dello-spettacolo-e-della-comunicazione-dscr-l/,final_url,mobile,/Users/gaialorenzoni/progetti/uni-sites-audit/university-websites-usability-audit/artifacts/runs/CR034_lighthouse_mobile_v1/LH_COURSE_C005,/Users/gaialorenzoni/progetti/uni-sites-audit/university-websites-usability-audit/artifacts/runs/CR034_lighthouse_mobile_v1/LH_COURSE_C005/workdir,/Users/gaialorenzoni/progetti/uni-sites-audit/university-websites-usability-audit/artifacts/runs/CR034_lighthouse_mobile_v1/LH_COURSE_C005/lhci_filesystem,0,0,,/Users/gaialorenzoni/progetti/uni-sites-audit/university-websites-usability-audit/artifacts/runs/CR034_lighthouse_mobile_v1/LH_COURSE_C005/lhci_filesystem/www_unipi_it-didattica_corsi_lauree_triennali_ciclo_unico_discipline_dello_spettacolo_e_della_comunicazione_dscr_l_-2026_04_23_14_30_24.report.json,/Users/gaialorenzoni/progetti/uni-sites-audit/university-websites-usability-audit/artifacts/runs/CR034_lighthouse_mobile_v1/LH_COURSE_C005/lhci_filesystem/www_unipi_it-didattica_corsi_lauree_triennali_ciclo_unico_discipline_dello_spettacolo_e_della_comunicazione_dscr_l_-2026_04_23_14_30_24.report.html,https://www.unipi.it/didattica/corsi/lauree-triennali-ciclo-unico/discipline-dello-spettacolo-e-della-comunicazione-dscr-l/,https://www.unipi.it/didattica/corsi/lauree-triennali-ciclo-unico/discipline-dello-spettacolo-e-della-comunicazione-dscr-l/,2026-04-23T14:30:24.181Z,12.6.1,,,0.69,0.91,1,0.85,4380.075000000001,4530.075000000001,6116.072901801215,20,0.083141,,3
LH_COURSE_C006,SD0012,CR002,UNI03,C006,J006,course_page,course_seed,mobile,mobile,canonical_default,latest_nonpilot_course_page,low,https://www.unipi.it/didattica/corsi/lauree-triennali-ciclo-unico/comunicazione-media-tecnologie-wcm-lm,https://www.unipi.it/didattica/corsi/lauree-magistrali/comunicazione-media-tecnologie-wcm-lm/,tranche2; final URL normalized from master seed to the lauree-magistrali path,CR034,2026-04-23T14:31:06Z,2026-04-23T14:32:53Z,ok,https://www.unipi.it/didattica/corsi/lauree-magistrali/comunicazione-media-tecnologie-wcm-lm/,final_url,mobile,/Users/gaialorenzoni/progetti/uni-sites-audit/university-websites-usability-audit/artifacts/runs/CR034_lighthouse_mobile_v1/LH_COURSE_C006,/Users/gaialorenzoni/progetti/uni-sites-audit/university-websites-usability-audit/artifacts/runs/CR034_lighthouse_mobile_v1/LH_COURSE_C006/workdir,/Users/gaialorenzoni/progetti/uni-sites-audit/university-websites-usability-audit/artifacts/runs/CR034_lighthouse_mobile_v1/LH_COURSE_C006/lhci_filesystem,0,0,,/Users/gaialorenzoni/progetti/uni-sites-audit/university-websites-usability-audit/artifacts/runs/CR034_lighthouse_mobile_v1/LH_COURSE_C006/lhci_filesystem/www_unipi_it-didattica_corsi_lauree_magistrali_comunicazione_media_tecnologie_wcm_lm_-2026_04_23_14_31_16.report.json,/Users/gaialorenzoni/progetti/uni-sites-audit/university-websites-usability-audit/artifacts/runs/CR034_lighthouse_mobile_v1/LH_COURSE_C006/lhci_filesystem/www_unipi_it-didattica_corsi_lauree_magistrali_comunicazione_media_tecnologie_wcm_lm_-2026_04_23_14_31_16.report.html,https://www.unipi.it/didattica/corsi/lauree-magistrali/comunicazione-media-tecnologie-wcm-lm/,https://www.unipi.it/didattica/corsi/lauree-magistrali/comunicazione-media-tecnologie-wcm-lm/,2026-04-23T14:31:16.241Z,12.6.1,,,0.68,0.9,1,0.85,4115.814999999998,4732.9929999999995,7397.21416400349,0,0.022757999999999997,,3
LH_COURSE_C007,SD0015,CR002,UNI04,C007,J007,course_page,course_seed,mobile,mobile,canonical_default,latest_nonpilot_course_page,low,https://www.unifi.it/it/node/6520,https://www.unifi.it/it/node/6520,tranche2; collected before hub normalization; parent relinked to normalized programmes hub SD0021 in CR003,CR034,2026-04-23T14:32:53Z,2026-04-23T14:33:46Z,ok,https://www.unifi.it/it/node/6520,final_url,mobile,/Users/gaialorenzoni/progetti/uni-sites-audit/university-websites-usability-audit/artifacts/runs/CR034_lighthouse_mobile_v1/LH_COURSE_C007,/Users/gaialorenzoni/progetti/uni-sites-audit/university-websites-usability-audit/artifacts/runs/CR034_lighthouse_mobile_v1/LH_COURSE_C007/workdir,/Users/gaialorenzoni/progetti/uni-sites-audit/university-websites-usability-audit/artifacts/runs/CR034_lighthouse_mobile_v1/LH_COURSE_C007/lhci_filesystem,0,0,,/Users/gaialorenzoni/progetti/uni-sites-audit/university-websites-usability-audit/artifacts/runs/CR034_lighthouse_mobile_v1/LH_COURSE_C007/lhci_filesystem/www_unifi_it-it_node_6520-2026_04_23_14_33_33.report.json,/Users/gaialorenzoni/progetti/uni-sites-audit/university-websites-usability-audit/artifacts/runs/CR034_lighthouse_mobile_v1/LH_COURSE_C007/lhci_filesystem/www_unifi_it-it_node_6520-2026_04_23_14_33_33.report.html,https://www.unifi.it/it/node/6520,https://www.unifi.it/it/node/6520,2026-04-23T14:33:33.940Z,12.6.1,,,0.75,1,1,0.92,1363.2269999999999,4347.227,2753.574635088532,408,0.006221,,3
LH_COURSE_C008,SD0016,CR002,UNI04,C008,J008,course_page,course_seed,mobile,mobile,canonical_default,latest_nonpilot_course_page,low,https://www.unifi.it/it/studia-con-noi/corsi-di-laurea/corsi-di-laurea-magistrali/pratiche-linguaggi-e-culture-della,https://www.unifi.it/it/studia-con-noi/corsi-di-laurea/corsi-di-laurea-magistrali/pratiche-linguaggi-e-culture-della,tranche2; collected before hub normalization; parent relinked to normalized programmes hub SD0021 in CR003,CR034,2026-04-23T14:33:46Z,2026-04-23T14:34:38Z,ok,https://www.unifi.it/it/studia-con-noi/corsi-di-laurea/corsi-di-laurea-magistrali/pratiche-linguaggi-e-culture-della,final_url,mobile,/Users/gaialorenzoni/progetti/uni-sites-audit/university-websites-usability-audit/artifacts/runs/CR034_lighthouse_mobile_v1/LH_COURSE_C008,/Users/gaialorenzoni/progetti/uni-sites-audit/university-websites-usability-audit/artifacts/runs/CR034_lighthouse_mobile_v1/LH_COURSE_C008/workdir,/Users/gaialorenzoni/progetti/uni-sites-audit/university-websites-usability-audit/artifacts/runs/CR034_lighthouse_mobile_v1/LH_COURSE_C008/lhci_filesystem,0,0,,/Users/gaialorenzoni/progetti/uni-sites-audit/university-websites-usability-audit/artifacts/runs/CR034_lighthouse_mobile_v1/LH_COURSE_C008/lhci_filesystem/www_unifi_it-it_studia_con_noi_corsi_di_laurea_corsi_di_laurea_magistrali_pratiche_linguaggi_e_culture_della-2026_04_23_14_34_26.report.json,/Users/gaialorenzoni/progetti/uni-sites-audit/university-websites-usability-audit/artifacts/runs/CR034_lighthouse_mobile_v1/LH_COURSE_C008/lhci_filesystem/www_unifi_it-it_studia_con_noi_corsi_di_laurea_corsi_di_laurea_magistrali_pratiche_linguaggi_e_culture_della-2026_04_23_14_34_26.report.html,https://www.unifi.it/it/studia-con-noi/corsi-di-laurea/corsi-di-laurea-magistrali/pratiche-linguaggi-e-culture-della,https://www.unifi.it/it/studia-con-noi/corsi-di-laurea/corsi-di-laurea-magistrali/pratiche-linguaggi-e-culture-della,2026-04-23T14:34:26.377Z,12.6.1,,,0.69,1,1,0.92,1367.377,4876.377,2863.2823982797104,478.00000000000045,0,,3
LH_COURSE_C009,SD0019,CR002,UNI05,C009,J009,course_page,course_seed,mobile,mobile,canonical_default,latest_nonpilot_course_page,low,https://scienze-comunicazione.unisi.it/it,https://scienze-comunicazione.unisi.it/it,tranche2; dedicated course site surfaced from definitive master,CR034,2026-04-23T14:34:38Z,2026-04-23T14:35:35Z,ok,https://scienze-comunicazione.unisi.it/it,final_url,mobile,/Users/gaialorenzoni/progetti/uni-sites-audit/university-websites-usability-audit/artifacts/runs/CR034_lighthouse_mobile_v1/LH_COURSE_C009,/Users/gaialorenzoni/progetti/uni-sites-audit/university-websites-usability-audit/artifacts/runs/CR034_lighthouse_mobile_v1/LH_COURSE_C009/workdir,/Users/gaialorenzoni/progetti/uni-sites-audit/university-websites-usability-audit/artifacts/runs/CR034_lighthouse_mobile_v1/LH_COURSE_C009/lhci_filesystem,0,0,,/Users/gaialorenzoni/progetti/uni-sites-audit/university-websites-usability-audit/artifacts/runs/CR034_lighthouse_mobile_v1/LH_COURSE_C009/lhci_filesystem/scienze_comunicazione_unisi_it-it-2026_04_23_14_35_06.report.json,/Users/gaialorenzoni/progetti/uni-sites-audit/university-websites-usability-audit/artifacts/runs/CR034_lighthouse_mobile_v1/LH_COURSE_C009/lhci_filesystem/scienze_comunicazione_unisi_it-it-2026_04_23_14_35_06.report.html,https://scienze-comunicazione.unisi.it/it,https://scienze-comunicazione.unisi.it/it,2026-04-23T14:35:06.243Z,12.6.1,,,0.57,0.93,0.96,0.92,8205.1725,14322.1055,8205.1725,37,0.013544,,3
LH_COURSE_C010,SD0091,CR019,UNI05,C010,J010,course_page,normalization_check,mobile,mobile,canonical_default,latest_nonpilot_course_page,low,https://www.unisi.it/ugov/degree/82714,https://www.unisi.it/ugov/degree/82714,CR019; current official C010/J010 U-GOV sheet surfaced by Didattica > Corsi di studio 2025-2026; replaces historical D003 /ugov/degree/22463 as master target while older sheet remains in provenance,CR034,2026-04-23T14:35:35Z,2026-04-23T14:36:27Z,ok,https://www.unisi.it/ugov/degree/82714,final_url,mobile,/Users/gaialorenzoni/progetti/uni-sites-audit/university-websites-usability-audit/artifacts/runs/CR034_lighthouse_mobile_v1/LH_COURSE_C010,/Users/gaialorenzoni/progetti/uni-sites-audit/university-websites-usability-audit/artifacts/runs/CR034_lighthouse_mobile_v1/LH_COURSE_C010/workdir,/Users/gaialorenzoni/progetti/uni-sites-audit/university-websites-usability-audit/artifacts/runs/CR034_lighthouse_mobile_v1/LH_COURSE_C010/lhci_filesystem,0,0,,/Users/gaialorenzoni/progetti/uni-sites-audit/university-websites-usability-audit/artifacts/runs/CR034_lighthouse_mobile_v1/LH_COURSE_C010/lhci_filesystem/www_unisi_it-ugov_degree_82714-2026_04_23_14_35_45.report.json,/Users/gaialorenzoni/progetti/uni-sites-audit/university-websites-usability-audit/artifacts/runs/CR034_lighthouse_mobile_v1/LH_COURSE_C010/lhci_filesystem/www_unisi_it-ugov_degree_82714-2026_04_23_14_35_45.report.html,https://www.unisi.it/ugov/degree/82714,https://www.unisi.it/ugov/degree/82714,2026-04-23T14:35:45.815Z,12.6.1,,,0.54,0.91,1,0.83,1242.5129999999997,4966.040999999999,5378.484452132307,18,0.6856840000000002,,3
LH_COURSE_C011,SD0024,CR004,UNI06,C011,J011,course_page,course_seed,mobile,mobile,canonical_default,latest_nonpilot_course_page,low,https://www.unito.it/didattica/offerta-formativa/corsi-di-studio/scienze-della-comunicazione,https://www.unito.it/didattica/offerta-formativa/corsi-di-studio/scienze-della-comunicazione,tranche3; official ateneo course card,CR034,2026-04-23T14:36:27Z,2026-04-23T14:37:22Z,ok,https://www.unito.it/didattica/offerta-formativa/corsi-di-studio/scienze-della-comunicazione,final_url,mobile,/Users/gaialorenzoni/progetti/uni-sites-audit/university-websites-usability-audit/artifacts/runs/CR034_lighthouse_mobile_v1/LH_COURSE_C011,/Users/gaialorenzoni/progetti/uni-sites-audit/university-websites-usability-audit/artifacts/runs/CR034_lighthouse_mobile_v1/LH_COURSE_C011/workdir,/Users/gaialorenzoni/progetti/uni-sites-audit/university-websites-usability-audit/artifacts/runs/CR034_lighthouse_mobile_v1/LH_COURSE_C011/lhci_filesystem,0,0,,/Users/gaialorenzoni/progetti/uni-sites-audit/university-websites-usability-audit/artifacts/runs/CR034_lighthouse_mobile_v1/LH_COURSE_C011/lhci_filesystem/www_unito_it-didattica_offerta_formativa_corsi_di_studio_scienze_della_comunicazione-2026_04_23_14_36_37.report.json,/Users/gaialorenzoni/progetti/uni-sites-audit/university-websites-usability-audit/artifacts/runs/CR034_lighthouse_mobile_v1/LH_COURSE_C011/lhci_filesystem/www_unito_it-didattica_offerta_formativa_corsi_di_studio_scienze_della_comunicazione-2026_04_23_14_36_37.report.html,https://www.unito.it/didattica/offerta-formativa/corsi-di-studio/scienze-della-comunicazione,https://www.unito.it/didattica/offerta-formativa/corsi-di-studio/scienze-della-comunicazione,2026-04-23T14:36:37.490Z,12.6.1,,,0.8,0.93,0.96,0.92,2751.393,3901.128,4821.912739968186,90,0,,3
LH_COURSE_C012,SD0025,CR004,UNI06,C012,J012,course_page,course_seed,mobile,mobile,canonical_default,latest_nonpilot_course_page,low,https://www.unito.it/didattica/offerta-formativa/corsi-di-studio/comunicazione-e-culture-dei-media,https://www.unito.it/didattica/offerta-formativa/corsi-di-studio/comunicazione-e-culture-dei-media,tranche3; official ateneo course card,CR034,2026-04-23T14:37:22Z,2026-04-23T14:38:16Z,ok,https://www.unito.it/didattica/offerta-formativa/corsi-di-studio/comunicazione-e-culture-dei-media,final_url,mobile,/Users/gaialorenzoni/progetti/uni-sites-audit/university-websites-usability-audit/artifacts/runs/CR034_lighthouse_mobile_v1/LH_COURSE_C012,/Users/gaialorenzoni/progetti/uni-sites-audit/university-websites-usability-audit/artifacts/runs/CR034_lighthouse_mobile_v1/LH_COURSE_C012/workdir,/Users/gaialorenzoni/progetti/uni-sites-audit/university-websites-usability-audit/artifacts/runs/CR034_lighthouse_mobile_v1/LH_COURSE_C012/lhci_filesystem,0,0,,/Users/gaialorenzoni/progetti/uni-sites-audit/university-websites-usability-audit/artifacts/runs/CR034_lighthouse_mobile_v1/LH_COURSE_C012/lhci_filesystem/www_unito_it-didattica_offerta_formativa_corsi_di_studio_comunicazione_e_culture_dei_media-2026_04_23_14_38_03.report.json,/Users/gaialorenzoni/progetti/uni-sites-audit/university-websites-usability-audit/artifacts/runs/CR034_lighthouse_mobile_v1/LH_COURSE_C012/lhci_filesystem/www_unito_it-didattica_offerta_formativa_corsi_di_studio_comunicazione_e_culture_dei_media-2026_04_23_14_38_03.report.html,https://www.unito.it/didattica/offerta-formativa/corsi-di-studio/comunicazione-e-culture-dei-media,https://www.unito.it/didattica/offerta-formativa/corsi-di-studio/comunicazione-e-culture-dei-media,2026-04-23T14:38:03.366Z,12.6.1,,,0.82,0.93,0.96,0.92,2889.5819999999994,3922.8399999999997,3218.679583077439,89,0,,3
LH_COURSE_C013,SD0028,CR004,UNI07,C013,J013,course_page,course_seed,mobile,mobile,canonical_default,latest_nonpilot_course_page,low,https://corsi.unige.it/11938,https://corsi.unige.it/corsi/11938,tranche3; source seed redirects to canonical /corsi/11938,CR034,2026-04-23T14:38:16Z,2026-04-23T14:39:11Z,ok,https://corsi.unige.it/corsi/11938,final_url,mobile,/Users/gaialorenzoni/progetti/uni-sites-audit/university-websites-usability-audit/artifacts/runs/CR034_lighthouse_mobile_v1/LH_COURSE_C013,/Users/gaialorenzoni/progetti/uni-sites-audit/university-websites-usability-audit/artifacts/runs/CR034_lighthouse_mobile_v1/LH_COURSE_C013/workdir,/Users/gaialorenzoni/progetti/uni-sites-audit/university-websites-usability-audit/artifacts/runs/CR034_lighthouse_mobile_v1/LH_COURSE_C013/lhci_filesystem,0,0,,/Users/gaialorenzoni/progetti/uni-sites-audit/university-websites-usability-audit/artifacts/runs/CR034_lighthouse_mobile_v1/LH_COURSE_C013/lhci_filesystem/corsi_unige_it-corsi_11938-2026_04_23_14_38_59.report.json,/Users/gaialorenzoni/progetti/uni-sites-audit/university-websites-usability-audit/artifacts/runs/CR034_lighthouse_mobile_v1/LH_COURSE_C013/lhci_filesystem/corsi_unige_it-corsi_11938-2026_04_23_14_38_59.report.html,https://corsi.unige.it/corsi/11938,https://corsi.unige.it/corsi/11938,2026-04-23T14:38:59.209Z,12.6.1,,,0.97,0.86,1,0.92,1397.4180000000001,2222.418,3236.7022516547854,85,0.014995,,3
LH_COURSE_C014,SD0029,CR004,UNI07,C014,J014,course_page,course_seed,mobile,mobile,canonical_default,latest_nonpilot_course_page,low,https://corsi.unige.it/11945,https://corsi.unige.it/corsi/11945,tranche3; source seed redirects to canonical /corsi/11945,CR034,2026-04-23T14:39:11Z,2026-04-23T14:40:08Z,ok,https://corsi.unige.it/corsi/11945,final_url,mobile,/Users/gaialorenzoni/progetti/uni-sites-audit/university-websites-usability-audit/artifacts/runs/CR034_lighthouse_mobile_v1/LH_COURSE_C014,/Users/gaialorenzoni/progetti/uni-sites-audit/university-websites-usability-audit/artifacts/runs/CR034_lighthouse_mobile_v1/LH_COURSE_C014/workdir,/Users/gaialorenzoni/progetti/uni-sites-audit/university-websites-usability-audit/artifacts/runs/CR034_lighthouse_mobile_v1/LH_COURSE_C014/lhci_filesystem,0,0,,/Users/gaialorenzoni/progetti/uni-sites-audit/university-websites-usability-audit/artifacts/runs/CR034_lighthouse_mobile_v1/LH_COURSE_C014/lhci_filesystem/corsi_unige_it-corsi_11945-2026_04_23_14_39_39.report.json,/Users/gaialorenzoni/progetti/uni-sites-audit/university-websites-usability-audit/artifacts/runs/CR034_lighthouse_mobile_v1/LH_COURSE_C014/lhci_filesystem/corsi_unige_it-corsi_11945-2026_04_23_14_39_39.report.html,https://corsi.unige.it/corsi/11945,https://corsi.unige.it/corsi/11945,2026-04-23T14:39:39.389Z,12.6.1,,,0.57,0.82,1,0.83,8761.6195,15443.342500000002,8761.6195,20,0,,3
LH_COURSE_C015,SD0032,CR004,UNI08,C015,J015,course_page,course_seed,mobile,mobile,canonical_default,latest_nonpilot_course_page,low,https://www.unimib.it/triennale/comunicazione-interculturale,https://www.unimib.it/triennale/comunicazione-interculturale,tranche3; official course page,CR034,2026-04-23T14:40:08Z,2026-04-23T14:41:02Z,ok,https://www.unimib.it/triennale/comunicazione-interculturale,final_url,mobile,/Users/gaialorenzoni/progetti/uni-sites-audit/university-websites-usability-audit/artifacts/runs/CR034_lighthouse_mobile_v1/LH_COURSE_C015,/Users/gaialorenzoni/progetti/uni-sites-audit/university-websites-usability-audit/artifacts/runs/CR034_lighthouse_mobile_v1/LH_COURSE_C015/workdir,/Users/gaialorenzoni/progetti/uni-sites-audit/university-websites-usability-audit/artifacts/runs/CR034_lighthouse_mobile_v1/LH_COURSE_C015/lhci_filesystem,0,0,,/Users/gaialorenzoni/progetti/uni-sites-audit/university-websites-usability-audit/artifacts/runs/CR034_lighthouse_mobile_v1/LH_COURSE_C015/lhci_filesystem/www_unimib_it-triennale_comunicazione_interculturale-2026_04_23_14_40_48.report.json,/Users/gaialorenzoni/progetti/uni-sites-audit/university-websites-usability-audit/artifacts/runs/CR034_lighthouse_mobile_v1/LH_COURSE_C015/lhci_filesystem/www_unimib_it-triennale_comunicazione_interculturale-2026_04_23_14_40_48.report.html,https://www.unimib.it/triennale/comunicazione-interculturale,https://www.unimib.it/triennale/comunicazione-interculturale,2026-04-23T14:40:48.453Z,12.6.1,,,0.59,0.96,0.96,0.92,3278.126,9031.427999999998,5373.915746857836,284.1260000000011,0,,3
LH_COURSE_C016,SD0033,CR004,UNI08,C016,J016,course_page,course_seed,mobile,mobile,canonical_default,latest_nonpilot_course_page,low,https://www.unimib.it/magistrale/teoria-tecnologia-comunicazione,https://www.unimib.it/magistrale/teoria-tecnologia-comunicazione,tranche3; official course page,CR034,2026-04-23T14:41:02Z,2026-04-23T14:41:54Z,ok,https://www.unimib.it/magistrale/teoria-tecnologia-comunicazione,final_url,mobile,/Users/gaialorenzoni/progetti/uni-sites-audit/university-websites-usability-audit/artifacts/runs/CR034_lighthouse_mobile_v1/LH_COURSE_C016,/Users/gaialorenzoni/progetti/uni-sites-audit/university-websites-usability-audit/artifacts/runs/CR034_lighthouse_mobile_v1/LH_COURSE_C016/workdir,/Users/gaialorenzoni/progetti/uni-sites-audit/university-websites-usability-audit/artifacts/runs/CR034_lighthouse_mobile_v1/LH_COURSE_C016/lhci_filesystem,0,0,,/Users/gaialorenzoni/progetti/uni-sites-audit/university-websites-usability-audit/artifacts/runs/CR034_lighthouse_mobile_v1/LH_COURSE_C016/lhci_filesystem/www_unimib_it-magistrale_teoria_tecnologia_comunicazione-2026_04_23_14_41_12.report.json,/Users/gaialorenzoni/progetti/uni-sites-audit/university-websites-usability-audit/artifacts/runs/CR034_lighthouse_mobile_v1/LH_COURSE_C016/lhci_filesystem/www_unimib_it-magistrale_teoria_tecnologia_comunicazione-2026_04_23_14_41_12.report.html,https://www.unimib.it/magistrale/teoria-tecnologia-comunicazione,https://www.unimib.it/magistrale/teoria-tecnologia-comunicazione,2026-04-23T14:41:12.137Z,12.6.1,,,0.68,0.96,0.96,0.85,1817.5795000000003,8827.8115,2784.69169079019,255.5,0.058243,,3
LH_COURSE_C017,SD0036,CR005,UNI09,C017,J017,course_page,course_seed,mobile,mobile,canonical_default,latest_nonpilot_course_page,low,https://www.unimi.it/it/corsi/laurea-triennale/comunicazione-e-societa-ces,https://www.unimi.it/it/corsi/laurea-triennale/comunicazione-e-societa-ces,tranche4; official course page,CR034,2026-04-23T14:41:54Z,2026-04-23T14:42:57Z,ok,https://www.unimi.it/it/corsi/laurea-triennale/comunicazione-e-societa-ces,final_url,mobile,/Users/gaialorenzoni/progetti/uni-sites-audit/university-websites-usability-audit/artifacts/runs/CR034_lighthouse_mobile_v1/LH_COURSE_C017,/Users/gaialorenzoni/progetti/uni-sites-audit/university-websites-usability-audit/artifacts/runs/CR034_lighthouse_mobile_v1/LH_COURSE_C017/workdir,/Users/gaialorenzoni/progetti/uni-sites-audit/university-websites-usability-audit/artifacts/runs/CR034_lighthouse_mobile_v1/LH_COURSE_C017/lhci_filesystem,0,0,,/Users/gaialorenzoni/progetti/uni-sites-audit/university-websites-usability-audit/artifacts/runs/CR034_lighthouse_mobile_v1/LH_COURSE_C017/lhci_filesystem/www_unimi_it-it_corsi_laurea_triennale_comunicazione_e_societa_ces-2026_04_23_14_42_32.report.json,/Users/gaialorenzoni/progetti/uni-sites-audit/university-websites-usability-audit/artifacts/runs/CR034_lighthouse_mobile_v1/LH_COURSE_C017/lhci_filesystem/www_unimi_it-it_corsi_laurea_triennale_comunicazione_e_societa_ces-2026_04_23_14_42_32.report.html,https://www.unimi.it/it/corsi/laurea-triennale/comunicazione-e-societa-ces,https://www.unimi.it/it/corsi/laurea-triennale/comunicazione-e-societa-ces,2026-04-23T14:42:32.905Z,12.6.1,,,0.66,0.96,0.96,0.92,3166.83,9262.791000000001,5261.8302560236025,7,0,,3
LH_COURSE_C018,SD0037,CR005,UNI09,C018,J018,course_page,course_seed,mobile,mobile,canonical_default,latest_nonpilot_course_page,low,https://www.unimi.it/it/corsi/laurea-magistrale/editoria-culture-della-comunicazione-e-della-moda,https://www.unimi.it/it/corsi/laurea-magistrale/editoria-culture-della-comunicazione-e-della-moda,tranche4; official course page,CR034,2026-04-23T14:42:57Z,2026-04-23T14:43:55Z,ok,https://www.unimi.it/it/corsi/laurea-magistrale/editoria-culture-della-comunicazione-e-della-moda,final_url,mobile,/Users/gaialorenzoni/progetti/uni-sites-audit/university-websites-usability-audit/artifacts/runs/CR034_lighthouse_mobile_v1/LH_COURSE_C018,/Users/gaialorenzoni/progetti/uni-sites-audit/university-websites-usability-audit/artifacts/runs/CR034_lighthouse_mobile_v1/LH_COURSE_C018/workdir,/Users/gaialorenzoni/progetti/uni-sites-audit/university-websites-usability-audit/artifacts/runs/CR034_lighthouse_mobile_v1/LH_COURSE_C018/lhci_filesystem,0,0,,/Users/gaialorenzoni/progetti/uni-sites-audit/university-websites-usability-audit/artifacts/runs/CR034_lighthouse_mobile_v1/LH_COURSE_C018/lhci_filesystem/www_unimi_it-it_corsi_laurea_magistrale_editoria_culture_della_comunicazione_e_della_moda-2026_04_23_14_43_24.report.json,/Users/gaialorenzoni/progetti/uni-sites-audit/university-websites-usability-audit/artifacts/runs/CR034_lighthouse_mobile_v1/LH_COURSE_C018/lhci_filesystem/www_unimi_it-it_corsi_laurea_magistrale_editoria_culture_della_comunicazione_e_della_moda-2026_04_23_14_43_24.report.html,https://www.unimi.it/it/corsi/laurea-magistrale/editoria-culture-della-comunicazione-e-della-moda,https://www.unimi.it/it/corsi/laurea-magistrale/editoria-culture-della-comunicazione-e-della-moda,2026-04-23T14:43:24.279Z,12.6.1,,,0.65,0.96,0.96,0.92,3279.5950000000003,9108.72,5652.700791359043,12,0,,3
LH_COURSE_C019,SD0040,CR005,UNI10,C019,J019,course_page,course_seed,mobile,mobile,canonical_default,latest_nonpilot_course_page,low,https://www.uninsubria.it/formazione/offerta-formativa/corsi-di-laurea/scienze-della-comunicazione,https://www.uninsubria.it/formazione/offerta-formativa/corsi-di-laurea/scienze-della-comunicazione,tranche4; collected before hub normalization; parent relinked to normalized programmes hub SD0046 in CR006,CR034,2026-04-23T14:43:55Z,2026-04-23T14:44:59Z,ok,https://www.uninsubria.it/formazione/offerta-formativa/corsi-di-laurea/scienze-della-comunicazione,final_url,mobile,/Users/gaialorenzoni/progetti/uni-sites-audit/university-websites-usability-audit/artifacts/runs/CR034_lighthouse_mobile_v1/LH_COURSE_C019,/Users/gaialorenzoni/progetti/uni-sites-audit/university-websites-usability-audit/artifacts/runs/CR034_lighthouse_mobile_v1/LH_COURSE_C019/workdir,/Users/gaialorenzoni/progetti/uni-sites-audit/university-websites-usability-audit/artifacts/runs/CR034_lighthouse_mobile_v1/LH_COURSE_C019/lhci_filesystem,0,0,,/Users/gaialorenzoni/progetti/uni-sites-audit/university-websites-usability-audit/artifacts/runs/CR034_lighthouse_mobile_v1/LH_COURSE_C019/lhci_filesystem/www_uninsubria_it-formazione_offerta_formativa_corsi_di_laurea_scienze_della_comunicazione-2026_04_23_14_44_45.report.json,/Users/gaialorenzoni/progetti/uni-sites-audit/university-websites-usability-audit/artifacts/runs/CR034_lighthouse_mobile_v1/LH_COURSE_C019/lhci_filesystem/www_uninsubria_it-formazione_offerta_formativa_corsi_di_laurea_scienze_della_comunicazione-2026_04_23_14_44_45.report.html,https://www.uninsubria.it/formazione/offerta-formativa/corsi-di-laurea/scienze-della-comunicazione,https://www.uninsubria.it/formazione/offerta-formativa/corsi-di-laurea/scienze-della-comunicazione,2026-04-23T14:44:45.094Z,12.6.1,,,0.73,0.95,0.96,0.92,2292.5615,4759.876499999999,4751.184959582274,242,0,,3
LH_COURSE_C020,SD0041,CR005,UNI10,C020,J020,course_page,course_seed,mobile,mobile,canonical_default,latest_nonpilot_course_page,low,https://www.uninsubria.it/formazione/offerta-formativa/corsi-di-laurea/scienze-e-tecniche-della-comunicazione,https://www.uninsubria.it/formazione/offerta-formativa/corsi-di-laurea/scienze-e-tecniche-della-comunicazione,tranche4; collected before hub normalization; parent relinked to normalized programmes hub SD0046 in CR006,CR034,2026-04-23T14:44:59Z,2026-04-23T14:45:54Z,ok,https://www.uninsubria.it/formazione/offerta-formativa/corsi-di-laurea/scienze-e-tecniche-della-comunicazione,final_url,mobile,/Users/gaialorenzoni/progetti/uni-sites-audit/university-websites-usability-audit/artifacts/runs/CR034_lighthouse_mobile_v1/LH_COURSE_C020,/Users/gaialorenzoni/progetti/uni-sites-audit/university-websites-usability-audit/artifacts/runs/CR034_lighthouse_mobile_v1/LH_COURSE_C020/workdir,/Users/gaialorenzoni/progetti/uni-sites-audit/university-websites-usability-audit/artifacts/runs/CR034_lighthouse_mobile_v1/LH_COURSE_C020/lhci_filesystem,0,0,,/Users/gaialorenzoni/progetti/uni-sites-audit/university-websites-usability-audit/artifacts/runs/CR034_lighthouse_mobile_v1/LH_COURSE_C020/lhci_filesystem/www_uninsubria_it-formazione_offerta_formativa_corsi_di_laurea_scienze_e_tecniche_della_comunicazione-2026_04_23_14_45_41.report.json,/Users/gaialorenzoni/progetti/uni-sites-audit/university-websites-usability-audit/artifacts/runs/CR034_lighthouse_mobile_v1/LH_COURSE_C020/lhci_filesystem/www_uninsubria_it-formazione_offerta_formativa_corsi_di_laurea_scienze_e_tecniche_della_comunicazione-2026_04_23_14_45_41.report.html,https://www.uninsubria.it/formazione/offerta-formativa/corsi-di-laurea/scienze-e-tecniche-della-comunicazione,https://www.uninsubria.it/formazione/offerta-formativa/corsi-di-laurea/scienze-e-tecniche-della-comunicazione,2026-04-23T14:45:41.502Z,12.6.1,,,0.77,0.95,0.96,0.92,2439.404,4635.904,3228.1230506046877,190,0,,3
LH_COURSE_C021,SD0044,CR005,UNI11,C021,J021,course_page,course_seed,mobile,mobile,canonical_default,latest_nonpilot_course_page,low,https://corsi.unisa.it/scienze-della-comunicazione,https://corsi.unisa.it/scienze-della-comunicazione,tranche4; official course portal,CR034,2026-04-23T14:45:54Z,2026-04-23T14:46:46Z,ok,https://corsi.unisa.it/scienze-della-comunicazione,final_url,mobile,/Users/gaialorenzoni/progetti/uni-sites-audit/university-websites-usability-audit/artifacts/runs/CR034_lighthouse_mobile_v1/LH_COURSE_C021,/Users/gaialorenzoni/progetti/uni-sites-audit/university-websites-usability-audit/artifacts/runs/CR034_lighthouse_mobile_v1/LH_COURSE_C021/workdir,/Users/gaialorenzoni/progetti/uni-sites-audit/university-websites-usability-audit/artifacts/runs/CR034_lighthouse_mobile_v1/LH_COURSE_C021/lhci_filesystem,0,0,,/Users/gaialorenzoni/progetti/uni-sites-audit/university-websites-usability-audit/artifacts/runs/CR034_lighthouse_mobile_v1/LH_COURSE_C021/lhci_filesystem/corsi_unisa_it-scienze_della_comunicazione-2026_04_23_14_46_33.report.json,/Users/gaialorenzoni/progetti/uni-sites-audit/university-websites-usability-audit/artifacts/runs/CR034_lighthouse_mobile_v1/LH_COURSE_C021/lhci_filesystem/corsi_unisa_it-scienze_della_comunicazione-2026_04_23_14_46_33.report.html,https://corsi.unisa.it/scienze-della-comunicazione,https://corsi.unisa.it/scienze-della-comunicazione,2026-04-23T14:46:33.615Z,12.6.1,,,0.95,0.98,0.79,0.92,1518.7199999999998,2347.6965,2776.181748537055,0,0.098732,,3
LH_COURSE_C022,SD0045,CR005,UNI11,C022,J022,course_page,course_seed,mobile,mobile,canonical_default,latest_nonpilot_course_page,low,https://corsi.unisa.it/corporate-communication-e-media,https://corsi.unisa.it/corporate-communication-e-media,tranche4; official course portal,CR034,2026-04-23T14:46:46Z,2026-04-23T14:47:39Z,ok,https://corsi.unisa.it/corporate-communication-e-media,final_url,mobile,/Users/gaialorenzoni/progetti/uni-sites-audit/university-websites-usability-audit/artifacts/runs/CR034_lighthouse_mobile_v1/LH_COURSE_C022,/Users/gaialorenzoni/progetti/uni-sites-audit/university-websites-usability-audit/artifacts/runs/CR034_lighthouse_mobile_v1/LH_COURSE_C022/workdir,/Users/gaialorenzoni/progetti/uni-sites-audit/university-websites-usability-audit/artifacts/runs/CR034_lighthouse_mobile_v1/LH_COURSE_C022/lhci_filesystem,0,0,,/Users/gaialorenzoni/progetti/uni-sites-audit/university-websites-usability-audit/artifacts/runs/CR034_lighthouse_mobile_v1/LH_COURSE_C022/lhci_filesystem/corsi_unisa_it-corporate_communication_e_media-2026_04_23_14_46_57.report.json,/Users/gaialorenzoni/progetti/uni-sites-audit/university-websites-usability-audit/artifacts/runs/CR034_lighthouse_mobile_v1/LH_COURSE_C022/lhci_filesystem/corsi_unisa_it-corporate_communication_e_media-2026_04_23_14_46_57.report.html,https://corsi.unisa.it/corporate-communication-e-media,https://corsi.unisa.it/corporate-communication-e-media,2026-04-23T14:46:57.061Z,12.6.1,,,0.92,0.98,0.79,0.92,1517.894,2420.5280000000002,2676.6917696708024,15.5,0.1371,,3
LH_COURSE_C023,SD0049,CR007,UNI12,C023,J023,course_page,course_seed,mobile,mobile,canonical_default,latest_nonpilot_course_page,low,https://www.uniroma3.it/corsi/dipartimento-di-filosofia-comunicazione-e-spettacolo/l/2025-2026/scienze-della-comunicazione-0580706202000001/,https://www.uniroma3.it/corsi/dipartimento-di-filosofia-comunicazione-e-spettacolo/l/2025-2026/scienze-della-comunicazione-0580706202000001/,tranche5; collected before hub normalization; parent relinked to normalized programmes hub SD0059 in CR008,CR034,2026-04-23T14:47:39Z,2026-04-23T14:48:51Z,ok,https://www.uniroma3.it/corsi/dipartimento-di-filosofia-comunicazione-e-spettacolo/l/2025-2026/scienze-della-comunicazione-0580706202000001/,final_url,mobile,/Users/gaialorenzoni/progetti/uni-sites-audit/university-websites-usability-audit/artifacts/runs/CR034_lighthouse_mobile_v1/LH_COURSE_C023,/Users/gaialorenzoni/progetti/uni-sites-audit/university-websites-usability-audit/artifacts/runs/CR034_lighthouse_mobile_v1/LH_COURSE_C023/workdir,/Users/gaialorenzoni/progetti/uni-sites-audit/university-websites-usability-audit/artifacts/runs/CR034_lighthouse_mobile_v1/LH_COURSE_C023/lhci_filesystem,0,0,,/Users/gaialorenzoni/progetti/uni-sites-audit/university-websites-usability-audit/artifacts/runs/CR034_lighthouse_mobile_v1/LH_COURSE_C023/lhci_filesystem/www_uniroma3_it-corsi_dipartimento_di_filosofia_comunicazione_e_spettacolo_l_2025_2026_scienze_della_comunicazione_0580706202000001_-2026_04_23_14_47_50.report.json,/Users/gaialorenzoni/progetti/uni-sites-audit/university-websites-usability-audit/artifacts/runs/CR034_lighthouse_mobile_v1/LH_COURSE_C023/lhci_filesystem/www_uniroma3_it-corsi_dipartimento_di_filosofia_comunicazione_e_spettacolo_l_2025_2026_scienze_della_comunicazione_0580706202000001_-2026_04_23_14_47_50.report.html,https://www.uniroma3.it/corsi/dipartimento-di-filosofia-comunicazione-e-spettacolo/l/2025-2026/scienze-della-comunicazione-0580706202000001/,https://www.uniroma3.it/corsi/dipartimento-di-filosofia-comunicazione-e-spettacolo/l/2025-2026/scienze-della-comunicazione-0580706202000001/,2026-04-23T14:47:50.530Z,12.6.1,,,0.44,0.9,0.79,1,3878.2244999999994,6765.5875000000015,19685.007394651915,144.07324999999946,0.266009,,3
LH_COURSE_C024,SD0050,CR007,UNI12,C024,J024,course_page,course_seed,mobile,mobile,canonical_default,latest_nonpilot_course_page,low,https://www.uniroma3.it/corsi/dipartimento-di-filosofia-comunicazione-e-spettacolo/lm/2025-2026/scienze-cognitive-della-comunicazione-e-dellazione-0580707309300001/,https://www.uniroma3.it/corsi/dipartimento-di-filosofia-comunicazione-e-spettacolo/lm/2025-2026/scienze-cognitive-della-comunicazione-e-dellazione-0580707309300001/,tranche5; collected before hub normalization; parent relinked to normalized programmes hub SD0059 in CR008,CR034,2026-04-23T14:48:51Z,2026-04-23T14:50:00Z,ok,https://www.uniroma3.it/corsi/dipartimento-di-filosofia-comunicazione-e-spettacolo/lm/2025-2026/scienze-cognitive-della-comunicazione-e-dellazione-0580707309300001/,final_url,mobile,/Users/gaialorenzoni/progetti/uni-sites-audit/university-websites-usability-audit/artifacts/runs/CR034_lighthouse_mobile_v1/LH_COURSE_C024,/Users/gaialorenzoni/progetti/uni-sites-audit/university-websites-usability-audit/artifacts/runs/CR034_lighthouse_mobile_v1/LH_COURSE_C024/workdir,/Users/gaialorenzoni/progetti/uni-sites-audit/university-websites-usability-audit/artifacts/runs/CR034_lighthouse_mobile_v1/LH_COURSE_C024/lhci_filesystem,0,0,,/Users/gaialorenzoni/progetti/uni-sites-audit/university-websites-usability-audit/artifacts/runs/CR034_lighthouse_mobile_v1/LH_COURSE_C024/lhci_filesystem/www_uniroma3_it-corsi_dipartimento_di_filosofia_comunicazione_e_spettacolo_lm_2025_2026_scienze_cognitive_della_comunicazione_e_dellazione_0580707309300001_-2026_04_23_14_49_31.report.json,/Users/gaialorenzoni/progetti/uni-sites-audit/university-websites-usability-audit/artifacts/runs/CR034_lighthouse_mobile_v1/LH_COURSE_C024/lhci_filesystem/www_uniroma3_it-corsi_dipartimento_di_filosofia_comunicazione_e_spettacolo_lm_2025_2026_scienze_cognitive_della_comunicazione_e_dellazione_0580707309300001_-2026_04_23_14_49_31.report.html,https://www.uniroma3.it/corsi/dipartimento-di-filosofia-comunicazione-e-spettacolo/lm/2025-2026/scienze-cognitive-della-comunicazione-e-dellazione-0580707309300001/,https://www.uniroma3.it/corsi/dipartimento-di-filosofia-comunicazione-e-spettacolo/lm/2025-2026/scienze-cognitive-della-comunicazione-e-dellazione-0580707309300001/,2026-04-23T14:49:31.500Z,12.6.1,,,0.52,0.9,0.79,1,6248.144799999999,11034.408800000001,7048.420127188969,301.1872999999978,0,,3
LH_COURSE_C025,SD0053,CR007,UNI13,C025,J025,course_page,course_seed,mobile,mobile,canonical_default,latest_nonpilot_course_page,low,https://www.unipa.it/dipartimenti/cultureesocieta/cds/scienzedellacomunicazione2447,https://www.unipa.it/dipartimenti/cultureesocieta/cds/scienzedellacomunicazione2447,tranche5; collected before hub normalization; parent relinked to normalized programmes hub SD0060 in CR009,CR034,2026-04-23T14:50:00Z,2026-04-23T14:50:56Z,ok,https://www.unipa.it/dipartimenti/cultureesocieta/cds/scienzedellacomunicazione2447,final_url,mobile,/Users/gaialorenzoni/progetti/uni-sites-audit/university-websites-usability-audit/artifacts/runs/CR034_lighthouse_mobile_v1/LH_COURSE_C025,/Users/gaialorenzoni/progetti/uni-sites-audit/university-websites-usability-audit/artifacts/runs/CR034_lighthouse_mobile_v1/LH_COURSE_C025/workdir,/Users/gaialorenzoni/progetti/uni-sites-audit/university-websites-usability-audit/artifacts/runs/CR034_lighthouse_mobile_v1/LH_COURSE_C025/lhci_filesystem,0,0,,/Users/gaialorenzoni/progetti/uni-sites-audit/university-websites-usability-audit/artifacts/runs/CR034_lighthouse_mobile_v1/LH_COURSE_C025/lhci_filesystem/www_unipa_it-dipartimenti_cultureesocieta_cds_scienzedellacomunicazione2447-2026_04_23_14_50_42.report.json,/Users/gaialorenzoni/progetti/uni-sites-audit/university-websites-usability-audit/artifacts/runs/CR034_lighthouse_mobile_v1/LH_COURSE_C025/lhci_filesystem/www_unipa_it-dipartimenti_cultureesocieta_cds_scienzedellacomunicazione2447-2026_04_23_14_50_42.report.html,https://www.unipa.it/dipartimenti/cultureesocieta/cds/scienzedellacomunicazione2447,https://www.unipa.it/dipartimenti/cultureesocieta/cds/scienzedellacomunicazione2447,2026-04-23T14:50:42.294Z,12.6.1,,,0.56,0.9,0.93,1,8544.7736,12416.1992,8544.7736,108,0,,3
LH_COURSE_C026,SD0054,CR007,UNI13,C026,J026,course_page,course_seed,mobile,mobile,canonical_default,latest_nonpilot_course_page,low,https://www.unipa.it/dipartimenti/cultureesocieta/cds/comunicazionedelpatrimonioculturale2215,https://www.unipa.it/dipartimenti/cultureesocieta/cds/comunicazionedelpatrimonioculturale2215,tranche5; collected before hub normalization; parent relinked to normalized programmes hub SD0060 in CR009,CR034,2026-04-23T14:50:56Z,2026-04-23T14:51:51Z,ok,https://www.unipa.it/dipartimenti/cultureesocieta/cds/comunicazionedelpatrimonioculturale2215,final_url,mobile,/Users/gaialorenzoni/progetti/uni-sites-audit/university-websites-usability-audit/artifacts/runs/CR034_lighthouse_mobile_v1/LH_COURSE_C026,/Users/gaialorenzoni/progetti/uni-sites-audit/university-websites-usability-audit/artifacts/runs/CR034_lighthouse_mobile_v1/LH_COURSE_C026/workdir,/Users/gaialorenzoni/progetti/uni-sites-audit/university-websites-usability-audit/artifacts/runs/CR034_lighthouse_mobile_v1/LH_COURSE_C026/lhci_filesystem,0,0,,/Users/gaialorenzoni/progetti/uni-sites-audit/university-websites-usability-audit/artifacts/runs/CR034_lighthouse_mobile_v1/LH_COURSE_C026/lhci_filesystem/www_unipa_it-dipartimenti_cultureesocieta_cds_comunicazionedelpatrimonioculturale2215-2026_04_23_14_51_37.report.json,/Users/gaialorenzoni/progetti/uni-sites-audit/university-websites-usability-audit/artifacts/runs/CR034_lighthouse_mobile_v1/LH_COURSE_C026/lhci_filesystem/www_unipa_it-dipartimenti_cultureesocieta_cds_comunicazionedelpatrimonioculturale2215-2026_04_23_14_51_37.report.html,https://www.unipa.it/dipartimenti/cultureesocieta/cds/comunicazionedelpatrimonioculturale2215,https://www.unipa.it/dipartimenti/cultureesocieta/cds/comunicazionedelpatrimonioculturale2215,2026-04-23T14:51:37.609Z,12.6.1,,,0.63,0.85,0.96,0.92,4363.2919999999995,8929.092999999999,4945.426650003777,62,0,,3
LH_COURSE_C027,SD0057,CR007,UNI14,C027,J027,course_page,course_seed,mobile,mobile,canonical_default,latest_nonpilot_course_page,low,https://www.unistrapg.it/comip,https://www.unistrapg.it/offerta-formativa/corsi-di-laurea-e-laurea-magistrale/corso-di-laurea-comunicazione-internazionale-e-pubblicitaria-comip,tranche5; source seed redirects to canonical offerta formativa course page,CR034,2026-04-23T14:51:51Z,2026-04-23T14:52:50Z,ok,https://www.unistrapg.it/offerta-formativa/corsi-di-laurea-e-laurea-magistrale/corso-di-laurea-comunicazione-internazionale-e-pubblicitaria-comip,final_url,mobile,/Users/gaialorenzoni/progetti/uni-sites-audit/university-websites-usability-audit/artifacts/runs/CR034_lighthouse_mobile_v1/LH_COURSE_C027,/Users/gaialorenzoni/progetti/uni-sites-audit/university-websites-usability-audit/artifacts/runs/CR034_lighthouse_mobile_v1/LH_COURSE_C027/workdir,/Users/gaialorenzoni/progetti/uni-sites-audit/university-websites-usability-audit/artifacts/runs/CR034_lighthouse_mobile_v1/LH_COURSE_C027/lhci_filesystem,0,0,,/Users/gaialorenzoni/progetti/uni-sites-audit/university-websites-usability-audit/artifacts/runs/CR034_lighthouse_mobile_v1/LH_COURSE_C027/lhci_filesystem/www_unistrapg_it-offerta_formativa_corsi_di_laurea_e_laurea_magistrale_corso_di_laurea_comunicazione_internazionale_e_pubblicitaria_comip-2026_04_23_14_52_01.report.json,/Users/gaialorenzoni/progetti/uni-sites-audit/university-websites-usability-audit/artifacts/runs/CR034_lighthouse_mobile_v1/LH_COURSE_C027/lhci_filesystem/www_unistrapg_it-offerta_formativa_corsi_di_laurea_e_laurea_magistrale_corso_di_laurea_comunicazione_internazionale_e_pubblicitaria_comip-2026_04_23_14_52_01.report.html,https://www.unistrapg.it/offerta-formativa/corsi-di-laurea-e-laurea-magistrale/corso-di-laurea-comunicazione-internazionale-e-pubblicitaria-comip,https://www.unistrapg.it/it/offerta-formativa/corsi-di-laurea-e-laurea-magistrale/corso-di-laurea-comunicazione-internazionale-e-pubblicitaria-comip,2026-04-23T14:52:01.481Z,12.6.1,,,0.55,1,0.79,0.92,12274.266,14886.785499999998,12274.266,60,0,,3
LH_COURSE_C028,SD0058,CR007,UNI14,C028,J028,course_page,course_seed,mobile,mobile,canonical_default,latest_nonpilot_course_page,low,https://www.unistrapg.it/offerta-formativa/corsi-di-laurea-e-laurea-magistrale/corso-di-laurea-magistrale-comunicazione-pubblicitaria-storytelling-e-cultura-dimmagine-compsi,https://www.unistrapg.it/offerta-formativa/corsi-di-laurea-e-laurea-magistrale/corso-di-laurea-magistrale-comunicazione-pubblicitaria-storytelling-e-cultura-dimmagine-compsi,tranche5; official course page,CR034,2026-04-23T14:52:50Z,2026-04-23T14:53:52Z,ok,https://www.unistrapg.it/offerta-formativa/corsi-di-laurea-e-laurea-magistrale/corso-di-laurea-magistrale-comunicazione-pubblicitaria-storytelling-e-cultura-dimmagine-compsi,final_url,mobile,/Users/gaialorenzoni/progetti/uni-sites-audit/university-websites-usability-audit/artifacts/runs/CR034_lighthouse_mobile_v1/LH_COURSE_C028,/Users/gaialorenzoni/progetti/uni-sites-audit/university-websites-usability-audit/artifacts/runs/CR034_lighthouse_mobile_v1/LH_COURSE_C028/workdir,/Users/gaialorenzoni/progetti/uni-sites-audit/university-websites-usability-audit/artifacts/runs/CR034_lighthouse_mobile_v1/LH_COURSE_C028/lhci_filesystem,0,0,,/Users/gaialorenzoni/progetti/uni-sites-audit/university-websites-usability-audit/artifacts/runs/CR034_lighthouse_mobile_v1/LH_COURSE_C028/lhci_filesystem/www_unistrapg_it-offerta_formativa_corsi_di_laurea_e_laurea_magistrale_corso_di_laurea_magistrale_comunicazione_pubblicitaria_storytelling_e_cultura_dimmagine_compsi-2026_04_23_14_53_37.report.json,/Users/gaialorenzoni/progetti/uni-sites-audit/university-websites-usability-audit/artifacts/runs/CR034_lighthouse_mobile_v1/LH_COURSE_C028/lhci_filesystem/www_unistrapg_it-offerta_formativa_corsi_di_laurea_e_laurea_magistrale_corso_di_laurea_magistrale_comunicazione_pubblicitaria_storytelling_e_cultura_dimmagine_compsi-2026_04_23_14_53_37.report.html,https://www.unistrapg.it/offerta-formativa/corsi-di-laurea-e-laurea-magistrale/corso-di-laurea-magistrale-comunicazione-pubblicitaria-storytelling-e-cultura-dimmagine-compsi,https://www.unistrapg.it/it/offerta-formativa/corsi-di-laurea-e-laurea-magistrale/corso-di-laurea-magistrale-comunicazione-pubblicitaria-storytelling-e-cultura-dimmagine-compsi,2026-04-23T14:53:37.058Z,12.6.1,,,0.55,1,0.79,0.92,10636.1085,13611.003,10636.1085,77.88299999999981,0,,3
LH_COURSE_C029,SD0063,CR010,UNI15,C029,J029,course_page,course_seed,mobile,mobile,canonical_default,latest_nonpilot_course_page,low,https://www.uniurb.it/corsi/1757256,https://www.uniurb.it/corsi/1757256,tranche6; fetched with browser user-agent and HTTP/1.1 after empty reply on default curl; parent relinked to normalized programmes hub SD0073 in CR011,CR034,2026-04-23T14:53:52Z,2026-04-23T14:54:50Z,ok,https://www.uniurb.it/corsi/1757256,final_url,mobile,/Users/gaialorenzoni/progetti/uni-sites-audit/university-websites-usability-audit/artifacts/runs/CR034_lighthouse_mobile_v1/LH_COURSE_C029,/Users/gaialorenzoni/progetti/uni-sites-audit/university-websites-usability-audit/artifacts/runs/CR034_lighthouse_mobile_v1/LH_COURSE_C029/workdir,/Users/gaialorenzoni/progetti/uni-sites-audit/university-websites-usability-audit/artifacts/runs/CR034_lighthouse_mobile_v1/LH_COURSE_C029/lhci_filesystem,0,0,,/Users/gaialorenzoni/progetti/uni-sites-audit/university-websites-usability-audit/artifacts/runs/CR034_lighthouse_mobile_v1/LH_COURSE_C029/lhci_filesystem/www_uniurb_it-corsi_1757256-2026_04_23_14_54_19.report.json,/Users/gaialorenzoni/progetti/uni-sites-audit/university-websites-usability-audit/artifacts/runs/CR034_lighthouse_mobile_v1/LH_COURSE_C029/lhci_filesystem/www_uniurb_it-corsi_1757256-2026_04_23_14_54_19.report.html,https://www.uniurb.it/corsi/1757256,https://www.uniurb.it/corsi/1757256,2026-04-23T14:54:19.360Z,12.6.1,,,0.52,0.92,0.96,0.92,1440.2825,11897.103500000001,3291.8741372037334,961.5,0.06961700000000001,,3
LH_COURSE_C030,SD0064,CR010,UNI15,C030,J030,course_page,course_seed,mobile,mobile,canonical_default,latest_nonpilot_course_page,low,https://www.uniurb.it/corsi/1757220,https://www.uniurb.it/corsi/1757220,tranche6; fetched with browser user-agent and HTTP/1.1 after empty reply on default curl; parent relinked to normalized programmes hub SD0073 in CR011,CR034,2026-04-23T14:54:50Z,2026-04-23T14:55:50Z,ok,https://www.uniurb.it/corsi/1757220,final_url,mobile,/Users/gaialorenzoni/progetti/uni-sites-audit/university-websites-usability-audit/artifacts/runs/CR034_lighthouse_mobile_v1/LH_COURSE_C030,/Users/gaialorenzoni/progetti/uni-sites-audit/university-websites-usability-audit/artifacts/runs/CR034_lighthouse_mobile_v1/LH_COURSE_C030/workdir,/Users/gaialorenzoni/progetti/uni-sites-audit/university-websites-usability-audit/artifacts/runs/CR034_lighthouse_mobile_v1/LH_COURSE_C030/lhci_filesystem,0,0,,/Users/gaialorenzoni/progetti/uni-sites-audit/university-websites-usability-audit/artifacts/runs/CR034_lighthouse_mobile_v1/LH_COURSE_C030/lhci_filesystem/www_uniurb_it-corsi_1757220-2026_04_23_14_55_00.report.json,/Users/gaialorenzoni/progetti/uni-sites-audit/university-websites-usability-audit/artifacts/runs/CR034_lighthouse_mobile_v1/LH_COURSE_C030/lhci_filesystem/www_uniurb_it-corsi_1757220-2026_04_23_14_55_00.report.html,https://www.uniurb.it/corsi/1757220,https://www.uniurb.it/corsi/1757220,2026-04-23T14:55:00.583Z,12.6.1,,,0.48,0.92,0.96,0.92,1444.976,11778.083999999999,4308.6796780677105,1114.999999999999,0.06966699999999999,,3
LH_COURSE_C031,SD0067,CR010,UNI16,C031,J031,course_page,course_seed,mobile,mobile,canonical_default,latest_nonpilot_course_page,low,https://www.uninettunouniversity.net/it/indirizzo-comunicazione-digitale-d-impresa.aspx?degree=334&faculty=7&idindirizzo=179&mode=cs,https://www.uninettunouniversity.net/it/indirizzo-comunicazione-digitale-d-impresa.aspx?degree=334&faculty=7&idindirizzo=179&mode=cs,tranche6; official curriculum page,CR034,2026-04-23T14:55:50Z,2026-04-23T14:56:50Z,ok,https://www.uninettunouniversity.net/it/indirizzo-comunicazione-digitale-d-impresa.aspx?degree=334&faculty=7&idindirizzo=179&mode=cs,final_url,mobile,/Users/gaialorenzoni/progetti/uni-sites-audit/university-websites-usability-audit/artifacts/runs/CR034_lighthouse_mobile_v1/LH_COURSE_C031,/Users/gaialorenzoni/progetti/uni-sites-audit/university-websites-usability-audit/artifacts/runs/CR034_lighthouse_mobile_v1/LH_COURSE_C031/workdir,/Users/gaialorenzoni/progetti/uni-sites-audit/university-websites-usability-audit/artifacts/runs/CR034_lighthouse_mobile_v1/LH_COURSE_C031/lhci_filesystem,0,0,,/Users/gaialorenzoni/progetti/uni-sites-audit/university-websites-usability-audit/artifacts/runs/CR034_lighthouse_mobile_v1/LH_COURSE_C031/lhci_filesystem/www_uninettunouniversity_net-it_indirizzo_comunicazione_digitale_d_impresa_aspx-2026_04_23_14_56_35.report.json,/Users/gaialorenzoni/progetti/uni-sites-audit/university-websites-usability-audit/artifacts/runs/CR034_lighthouse_mobile_v1/LH_COURSE_C031/lhci_filesystem/www_uninettunouniversity_net-it_indirizzo_comunicazione_digitale_d_impresa_aspx-2026_04_23_14_56_35.report.html,https://www.uninettunouniversity.net/it/indirizzo-comunicazione-digitale-d-impresa.aspx?degree=334&faculty=7&idindirizzo=179&mode=cs,https://www.uninettunouniversity.net/it/indirizzo-comunicazione-digitale-d-impresa.aspx?degree=334&faculty=7&idindirizzo=179&mode=cs,2026-04-23T14:56:35.223Z,12.6.1,,,0.55,0.92,0.75,1,9824.701000000001,12366.515,9824.701000000001,129.96399999999994,0,,3
LH_COURSE_C032,SD0068,CR010,UNI16,C032,J032,course_page,course_seed,mobile,mobile,canonical_default,latest_nonpilot_course_page,low,https://www.uninettunouniversity.net/it/culture-linguaggi-e-strategie-per-la-comunicazione-nell-era-digitale.aspx,https://www.uninettunouniversity.net/it/culture-linguaggi-e-strategie-per-la-comunicazione-nell-era-digitale.aspx,tranche6; official course page,CR034,2026-04-23T14:56:50Z,2026-04-23T14:57:52Z,ok,https://www.uninettunouniversity.net/it/culture-linguaggi-e-strategie-per-la-comunicazione-nell-era-digitale.aspx,final_url,mobile,/Users/gaialorenzoni/progetti/uni-sites-audit/university-websites-usability-audit/artifacts/runs/CR034_lighthouse_mobile_v1/LH_COURSE_C032,/Users/gaialorenzoni/progetti/uni-sites-audit/university-websites-usability-audit/artifacts/runs/CR034_lighthouse_mobile_v1/LH_COURSE_C032/workdir,/Users/gaialorenzoni/progetti/uni-sites-audit/university-websites-usability-audit/artifacts/runs/CR034_lighthouse_mobile_v1/LH_COURSE_C032/lhci_filesystem,0,0,,/Users/gaialorenzoni/progetti/uni-sites-audit/university-websites-usability-audit/artifacts/runs/CR034_lighthouse_mobile_v1/LH_COURSE_C032/lhci_filesystem/www_uninettunouniversity_net-it_culture_linguaggi_e_strategie_per_la_comunicazione_nell_era_digitale_aspx-2026_04_23_14_57_02.report.json,/Users/gaialorenzoni/progetti/uni-sites-audit/university-websites-usability-audit/artifacts/runs/CR034_lighthouse_mobile_v1/LH_COURSE_C032/lhci_filesystem/www_uninettunouniversity_net-it_culture_linguaggi_e_strategie_per_la_comunicazione_nell_era_digitale_aspx-2026_04_23_14_57_02.report.html,https://www.uninettunouniversity.net/it/culture-linguaggi-e-strategie-per-la-comunicazione-nell-era-digitale.aspx,https://www.uninettunouniversity.net/it/culture-linguaggi-e-strategie-per-la-comunicazione-nell-era-digitale.aspx,2026-04-23T14:57:02.824Z,12.6.1,,,0.43,0.93,0.75,1,9089.418000000001,11288.442000000003,9089.418000000001,527,0,,3
LH_COURSE_C033,SD0071,CR010,UNI17,C033,J033,course_page,course_seed,mobile,mobile,canonical_default,latest_nonpilot_course_page,medium,https://corsi.unical.it/lt-lmcu/comunicazione-e-dams/cds/corso/?lang=it,https://corsi.unical.it/lt-lmcu/comunicazione-e-dams/cds/corso/?lang=it,tranche6; official course page,CR034,2026-04-23T14:57:52Z,2026-04-23T14:59:08Z,ok,https://corsi.unical.it/lt-lmcu/comunicazione-e-dams/cds/corso/?lang=it,final_url,mobile,/Users/gaialorenzoni/progetti/uni-sites-audit/university-websites-usability-audit/artifacts/runs/CR034_lighthouse_mobile_v1/LH_COURSE_C033,/Users/gaialorenzoni/progetti/uni-sites-audit/university-websites-usability-audit/artifacts/runs/CR034_lighthouse_mobile_v1/LH_COURSE_C033/workdir,/Users/gaialorenzoni/progetti/uni-sites-audit/university-websites-usability-audit/artifacts/runs/CR034_lighthouse_mobile_v1/LH_COURSE_C033/lhci_filesystem,0,0,,/Users/gaialorenzoni/progetti/uni-sites-audit/university-websites-usability-audit/artifacts/runs/CR034_lighthouse_mobile_v1/LH_COURSE_C033/lhci_filesystem/corsi_unical_it-lt_lmcu_comunicazione_e_dams_cds_corso_-2026_04_23_14_58_27.report.json,/Users/gaialorenzoni/progetti/uni-sites-audit/university-websites-usability-audit/artifacts/runs/CR034_lighthouse_mobile_v1/LH_COURSE_C033/lhci_filesystem/corsi_unical_it-lt_lmcu_comunicazione_e_dams_cds_corso_-2026_04_23_14_58_27.report.html,https://corsi.unical.it/lt-lmcu/comunicazione-e-dams/cds/corso/?lang=it,https://corsi.unical.it/lt-lmcu/comunicazione-e-dams/cds/corso/?lang=it,2026-04-23T14:58:27.452Z,12.6.1,,,0.43,0.95,1,0.58,4105.4475,7010.447500000001,4105.4475,262,0.377249,,3
LH_COURSE_C034,SD0072,CR010,UNI17,C034,J034,course_page,course_seed,mobile,mobile,canonical_default,latest_nonpilot_course_page,medium,https://corsi.unical.it/lm/linguaggi-della-comunicazione-e-dello-spettacolo/,https://corsi.unical.it/lm/linguaggi-della-comunicazione-e-dello-spettacolo/,tranche6; official course page,CR034,2026-04-23T14:59:08Z,2026-04-23T15:00:04Z,ok,https://corsi.unical.it/lm/linguaggi-della-comunicazione-e-dello-spettacolo/,final_url,mobile,/Users/gaialorenzoni/progetti/uni-sites-audit/university-websites-usability-audit/artifacts/runs/CR034_lighthouse_mobile_v1/LH_COURSE_C034,/Users/gaialorenzoni/progetti/uni-sites-audit/university-websites-usability-audit/artifacts/runs/CR034_lighthouse_mobile_v1/LH_COURSE_C034/workdir,/Users/gaialorenzoni/progetti/uni-sites-audit/university-websites-usability-audit/artifacts/runs/CR034_lighthouse_mobile_v1/LH_COURSE_C034/lhci_filesystem,0,0,,/Users/gaialorenzoni/progetti/uni-sites-audit/university-websites-usability-audit/artifacts/runs/CR034_lighthouse_mobile_v1/LH_COURSE_C034/lhci_filesystem/corsi_unical_it-lm_linguaggi_della_comunicazione_e_dello_spettacolo_-2026_04_23_14_59_50.report.json,/Users/gaialorenzoni/progetti/uni-sites-audit/university-websites-usability-audit/artifacts/runs/CR034_lighthouse_mobile_v1/LH_COURSE_C034/lhci_filesystem/corsi_unical_it-lm_linguaggi_della_comunicazione_e_dello_spettacolo_-2026_04_23_14_59_50.report.html,https://corsi.unical.it/lm/linguaggi-della-comunicazione-e-dello-spettacolo/,https://corsi.unical.it/lm/linguaggi-della-comunicazione-e-dello-spettacolo/,2026-04-23T14:59:50.584Z,12.6.1,,,0.4,0.93,0.96,0.92,4124.2505,7952.750499999998,4465.494704060319,255,0.47617,,3
LH_COURSE_C035,SD0076,CR012,UNI18,C035,J035,course_page,course_seed,mobile,mobile,canonical_default,latest_nonpilot_course_page,high,https://www.corsi.unina.it/D27/home,https://www.corsi.unina.it/D27/home,tranche7; JS-heavy course portal shell page collected before hub normalization; parent relinked to normalized programmes hub SD0087 in CR013,CR034,2026-04-23T15:00:04Z,2026-04-23T15:00:55Z,ok,https://www.corsi.unina.it/D27/home,final_url,mobile,/Users/gaialorenzoni/progetti/uni-sites-audit/university-websites-usability-audit/artifacts/runs/CR034_lighthouse_mobile_v1/LH_COURSE_C035,/Users/gaialorenzoni/progetti/uni-sites-audit/university-websites-usability-audit/artifacts/runs/CR034_lighthouse_mobile_v1/LH_COURSE_C035/workdir,/Users/gaialorenzoni/progetti/uni-sites-audit/university-websites-usability-audit/artifacts/runs/CR034_lighthouse_mobile_v1/LH_COURSE_C035/lhci_filesystem,0,0,,/Users/gaialorenzoni/progetti/uni-sites-audit/university-websites-usability-audit/artifacts/runs/CR034_lighthouse_mobile_v1/LH_COURSE_C035/lhci_filesystem/www_corsi_unina_it-D27_home-2026_04_23_15_00_43.report.json,/Users/gaialorenzoni/progetti/uni-sites-audit/university-websites-usability-audit/artifacts/runs/CR034_lighthouse_mobile_v1/LH_COURSE_C035/lhci_filesystem/www_corsi_unina_it-D27_home-2026_04_23_15_00_43.report.html,https://www.corsi.unina.it/D27/home,https://www.corsi.unina.it/D27/home,2026-04-23T15:00:43.589Z,12.6.1,,,0.42,0.92,0.96,0.92,13210.302,17486.755000000005,13210.302,511,0,,3
LH_COURSE_C036,SD0077,CR012,UNI18,C036,J036,course_page,course_seed,mobile,mobile,canonical_default,latest_nonpilot_course_page,high,https://www.corsi.unina.it/DA2/home,https://www.corsi.unina.it/DA2/home,tranche7; JS-heavy course portal shell page collected before hub normalization; parent relinked to normalized programmes hub SD0087 in CR013,CR034,2026-04-23T15:00:55Z,2026-04-23T15:01:45Z,ok,https://www.corsi.unina.it/DA2/home,final_url,mobile,/Users/gaialorenzoni/progetti/uni-sites-audit/university-websites-usability-audit/artifacts/runs/CR034_lighthouse_mobile_v1/LH_COURSE_C036,/Users/gaialorenzoni/progetti/uni-sites-audit/university-websites-usability-audit/artifacts/runs/CR034_lighthouse_mobile_v1/LH_COURSE_C036/workdir,/Users/gaialorenzoni/progetti/uni-sites-audit/university-websites-usability-audit/artifacts/runs/CR034_lighthouse_mobile_v1/LH_COURSE_C036/lhci_filesystem,0,0,,/Users/gaialorenzoni/progetti/uni-sites-audit/university-websites-usability-audit/artifacts/runs/CR034_lighthouse_mobile_v1/LH_COURSE_C036/lhci_filesystem/www_corsi_unina_it-DA2_home-2026_04_23_15_01_33.report.json,/Users/gaialorenzoni/progetti/uni-sites-audit/university-websites-usability-audit/artifacts/runs/CR034_lighthouse_mobile_v1/LH_COURSE_C036/lhci_filesystem/www_corsi_unina_it-DA2_home-2026_04_23_15_01_33.report.html,https://www.corsi.unina.it/DA2/home,https://www.corsi.unina.it/DA2/home,2026-04-23T15:01:33.291Z,12.6.1,,,0.29,0.92,0.96,0.92,13207.478000000001,20486.217,13207.478000000001,510,0.25812199999999996,,3
LH_COURSE_C037,SD0080,CR012,UNI19,C037,J037,course_page,course_seed,mobile,mobile,canonical_default,latest_nonpilot_course_page,low,https://www.unibg.it/studiare/corsi/offertaformativa/scienze-comunicazione,https://www.unibg.it/studiare/corsi/offertaformativa/scienze-comunicazione,tranche7; official course page,CR034,2026-04-23T15:01:45Z,2026-04-23T15:02:43Z,ok,https://www.unibg.it/studiare/corsi/offertaformativa/scienze-comunicazione,final_url,mobile,/Users/gaialorenzoni/progetti/uni-sites-audit/university-websites-usability-audit/artifacts/runs/CR034_lighthouse_mobile_v1/LH_COURSE_C037,/Users/gaialorenzoni/progetti/uni-sites-audit/university-websites-usability-audit/artifacts/runs/CR034_lighthouse_mobile_v1/LH_COURSE_C037/workdir,/Users/gaialorenzoni/progetti/uni-sites-audit/university-websites-usability-audit/artifacts/runs/CR034_lighthouse_mobile_v1/LH_COURSE_C037/lhci_filesystem,0,0,,/Users/gaialorenzoni/progetti/uni-sites-audit/university-websites-usability-audit/artifacts/runs/CR034_lighthouse_mobile_v1/LH_COURSE_C037/lhci_filesystem/www_unibg_it-studiare_corsi_offertaformativa_scienze_comunicazione-2026_04_23_15_02_12.report.json,/Users/gaialorenzoni/progetti/uni-sites-audit/university-websites-usability-audit/artifacts/runs/CR034_lighthouse_mobile_v1/LH_COURSE_C037/lhci_filesystem/www_unibg_it-studiare_corsi_offertaformativa_scienze_comunicazione-2026_04_23_15_02_12.report.html,https://www.unibg.it/studiare/corsi/offertaformativa/scienze-comunicazione,https://www.unibg.it/studiare/corsi/offertaformativa/scienze-comunicazione,2026-04-23T15:02:12.842Z,12.6.1,,,0.77,0.96,0.96,0.92,3409.1610000000005,4185.7395,4589.016086645983,90,0,,3
LH_COURSE_C038,SD0081,CR012,UNI19,C038,J038,course_page,course_seed,mobile,mobile,canonical_default,latest_nonpilot_course_page,low,https://ls-vpcm.unibg.it/it,https://ls-vpcm.unibg.it/it,tranche7; official interclass course site,CR034,2026-04-23T15:02:43Z,2026-04-23T15:03:39Z,ok,https://ls-vpcm.unibg.it/it,final_url,mobile,/Users/gaialorenzoni/progetti/uni-sites-audit/university-websites-usability-audit/artifacts/runs/CR034_lighthouse_mobile_v1/LH_COURSE_C038,/Users/gaialorenzoni/progetti/uni-sites-audit/university-websites-usability-audit/artifacts/runs/CR034_lighthouse_mobile_v1/LH_COURSE_C038/workdir,/Users/gaialorenzoni/progetti/uni-sites-audit/university-websites-usability-audit/artifacts/runs/CR034_lighthouse_mobile_v1/LH_COURSE_C038/lhci_filesystem,0,0,,/Users/gaialorenzoni/progetti/uni-sites-audit/university-websites-usability-audit/artifacts/runs/CR034_lighthouse_mobile_v1/LH_COURSE_C038/lhci_filesystem/ls_vpcm_unibg_it-it-2026_04_23_15_02_55.report.json,/Users/gaialorenzoni/progetti/uni-sites-audit/university-websites-usability-audit/artifacts/runs/CR034_lighthouse_mobile_v1/LH_COURSE_C038/lhci_filesystem/ls_vpcm_unibg_it-it-2026_04_23_15_02_55.report.html,https://ls-vpcm.unibg.it/it,https://ls-vpcm.unibg.it/it,2026-04-23T15:02:55.405Z,12.6.1,,,0.67,0.82,0.96,0.85,3119.535,7773.794999999998,4882.148857592457,16,0.025943,,3
LH_COURSE_C039,SD0084,CR012,UNI20,C039,J039,course_page,course_seed,mobile,mobile,canonical_default,latest_nonpilot_course_page,low,https://corsi.unitn.it/it/beni-culturali,https://corsi.unitn.it/it/beni-culturali,tranche7; official course page,CR034,2026-04-23T15:03:39Z,2026-04-23T15:04:41Z,ok,https://corsi.unitn.it/it/beni-culturali,final_url,mobile,/Users/gaialorenzoni/progetti/uni-sites-audit/university-websites-usability-audit/artifacts/runs/CR034_lighthouse_mobile_v1/LH_COURSE_C039,/Users/gaialorenzoni/progetti/uni-sites-audit/university-websites-usability-audit/artifacts/runs/CR034_lighthouse_mobile_v1/LH_COURSE_C039/workdir,/Users/gaialorenzoni/progetti/uni-sites-audit/university-websites-usability-audit/artifacts/runs/CR034_lighthouse_mobile_v1/LH_COURSE_C039/lhci_filesystem,0,0,,/Users/gaialorenzoni/progetti/uni-sites-audit/university-websites-usability-audit/artifacts/runs/CR034_lighthouse_mobile_v1/LH_COURSE_C039/lhci_filesystem/corsi_unitn_it-it_beni_culturali-2026_04_23_15_03_50.report.json,/Users/gaialorenzoni/progetti/uni-sites-audit/university-websites-usability-audit/artifacts/runs/CR034_lighthouse_mobile_v1/LH_COURSE_C039/lhci_filesystem/corsi_unitn_it-it_beni_culturali-2026_04_23_15_03_50.report.html,https://corsi.unitn.it/it/beni-culturali,https://corsi.unitn.it/it/beni-culturali,2026-04-23T15:03:50.866Z,12.6.1,,,0.67,0.94,0.96,0.92,2230.83812,7549.6993999999995,5072.265954397473,193,0,,3
LH_COURSE_C040,SD0085,CR012,UNI20,C040,J040,course_page,course_seed,mobile,mobile,canonical_default,latest_nonpilot_course_page,medium,https://corsi.unitn.it/it/organizzazione-societa-e-tecnologia,https://corsi.unitn.it/it/organizzazione-societa-e-tecnologia,tranche7; official course page,CR034,2026-04-23T15:04:41Z,2026-04-23T15:05:44Z,ok,https://corsi.unitn.it/it/organizzazione-societa-e-tecnologia,final_url,mobile,/Users/gaialorenzoni/progetti/uni-sites-audit/university-websites-usability-audit/artifacts/runs/CR034_lighthouse_mobile_v1/LH_COURSE_C040,/Users/gaialorenzoni/progetti/uni-sites-audit/university-websites-usability-audit/artifacts/runs/CR034_lighthouse_mobile_v1/LH_COURSE_C040/workdir,/Users/gaialorenzoni/progetti/uni-sites-audit/university-websites-usability-audit/artifacts/runs/CR034_lighthouse_mobile_v1/LH_COURSE_C040/lhci_filesystem,0,0,,/Users/gaialorenzoni/progetti/uni-sites-audit/university-websites-usability-audit/artifacts/runs/CR034_lighthouse_mobile_v1/LH_COURSE_C040/lhci_filesystem/corsi_unitn_it-it_organizzazione_societa_e_tecnologia-2026_04_23_15_05_12.report.json,/Users/gaialorenzoni/progetti/uni-sites-audit/university-websites-usability-audit/artifacts/runs/CR034_lighthouse_mobile_v1/LH_COURSE_C040/lhci_filesystem/corsi_unitn_it-it_organizzazione_societa_e_tecnologia-2026_04_23_15_05_12.report.html,https://corsi.unitn.it/it/organizzazione-societa-e-tecnologia,https://corsi.unitn.it/it/organizzazione-societa-e-tecnologia,2026-04-23T15:05:12.586Z,12.6.1,,,0.7,0.94,0.96,0.92,2289.315,11439.315,4081.6136256846344,80,0,,3
LH_COURSE_C041,SD0086,CR012,UNI20,C041,J041,course_page,course_seed,mobile,mobile,canonical_default,latest_nonpilot_course_page,low,https://corsi.unitn.it/it/giurisprudenza,https://corsi.unitn.it/it/giurisprudenza,tranche7; official course page,CR034,2026-04-23T15:05:44Z,2026-04-23T15:06:49Z,ok,https://corsi.unitn.it/it/giurisprudenza,final_url,mobile,/Users/gaialorenzoni/progetti/uni-sites-audit/university-websites-usability-audit/artifacts/runs/CR034_lighthouse_mobile_v1/LH_COURSE_C041,/Users/gaialorenzoni/progetti/uni-sites-audit/university-websites-usability-audit/artifacts/runs/CR034_lighthouse_mobile_v1/LH_COURSE_C041/workdir,/Users/gaialorenzoni/progetti/uni-sites-audit/university-websites-usability-audit/artifacts/runs/CR034_lighthouse_mobile_v1/LH_COURSE_C041/lhci_filesystem,0,0,,/Users/gaialorenzoni/progetti/uni-sites-audit/university-websites-usability-audit/artifacts/runs/CR034_lighthouse_mobile_v1/LH_COURSE_C041/lhci_filesystem/corsi_unitn_it-it_giurisprudenza-2026_04_23_15_06_33.report.json,/Users/gaialorenzoni/progetti/uni-sites-audit/university-websites-usability-audit/artifacts/runs/CR034_lighthouse_mobile_v1/LH_COURSE_C041/lhci_filesystem/corsi_unitn_it-it_giurisprudenza-2026_04_23_15_06_33.report.html,https://corsi.unitn.it/it/giurisprudenza,https://corsi.unitn.it/it/giurisprudenza,2026-04-23T15:06:33.780Z,12.6.1,,,0.7,0.95,0.96,0.92,2164.4109999999996,8784.862999999998,3462.8218560077507,162,0,,3
